{
  "HVIGOR_OHOS_PLUGIN": {
    "MODULES": [
      {
        "MODULE_NAME": "1043bfc77febe75fafec0c4309faccf1",
        "API_TYPE": "stageMode",
        "INCREMENTAL_TASKS": {
          "BUILD_NATIVE_WITH_CMAKE": true
        }
      }
    ],
    "BUILD_MODE": "debug"
  },
  "HVIGOR": {
    "IS_INCREMENTAL": true,
    "IS_DAEMON": true,
    "IS_PARALLEL": true,
    "IS_HVIGORFILE_TYPE_CHECK": false,
    "TASK_TIME": {
      "1043bfc77febe75fafec0c4309faccf1": {
        "ConfigureCmake": 19505700,
        "PreCheckSyscap": 219400,
        "ProcessIntegratedHsp": 1703200,
        "BuildNativeWithCmake": 23376600,
        "BuildJS": 4455400,
        "BuildNativeWithNinja": 2739875800,
        "assembleHap": 131800
      }
    },
    "TOTAL_TIME": 3015141700,
    "BUILD_ID": "202501092015287210"
  }
}