{"CACHE_SYNC_FILE_HASH":{"C:\\Users\\n035029\\DevEcoStudioProjects\\MyApplication14\\.hvigor\\outputs\\sync\\output.json":"f522a02d135d80c883cc349ba3432e7b164909f24724295d8a6e908a188a4663","C:\\Users\\n035029\\DevEcoStudioProjects\\MyApplication14\\oh-package.json5":"5c8b926df75cc3945e552b52b6a423b149bfd82c2fb7c2cbf5bcdd448fb56f25","C:\\Users\\n035029\\DevEcoStudioProjects\\MyApplication14\\build-profile.json5":"ecb99006ccddbe253d377ec44ee281b61596e4d8f29784e17454bd69c42e633e","C:\\Users\\n035029\\DevEcoStudioProjects\\MyApplication14\\hvigor\\hvigor-config.json5":"5e4437435e17b31fd430d751764167d3a09089df0434320a91c2dc771beaf06a","C:\\Users\\n035029\\DevEcoStudioProjects\\MyApplication14\\entry\\build-profile.json5":"03182e981e159d31e2066b0429bb7668869da6f3acec2fd89bd99fc95787e9fa","C:\\Users\\n035029\\DevEcoStudioProjects\\MyApplication14\\entry\\oh-package.json5":"6f52f9d7aa6562cc4fbea4634f42e0c28ad8c14ec06da367f00d4245c6a6239f","SDK_LOCATION":"C:/Program Files/Huawei/DevEco Studio/sdk","C:\\Users\\n035029\\DevEcoStudioProjects\\MyApplication14\\entry\\hvigorfile.ts":"3e25496a6ab0d55bacb91ac3cf8cade7e4956cf204b5557c82c7186aa620348b","C:\\Users\\n035029\\DevEcoStudioProjects\\MyApplication14\\hvigorfile.ts":"abd620ab289ca6f69539d436d144921dc6a12944b28cec467700c2b55082b56d"},"OHPM_INSTALL_FILE_HASH":{"C:\\Users\\n035029\\DevEcoStudioProjects\\MyApplication14\\oh-package.json5":"5c8b926df75cc3945e552b52b6a423b149bfd82c2fb7c2cbf5bcdd448fb56f25","C:\\Users\\n035029\\DevEcoStudioProjects\\MyApplication14\\oh_modules":true,"C:\\Users\\n035029\\DevEcoStudioProjects\\MyApplication14\\entry\\oh_modules":true,"C:\\Users\\n035029\\DevEcoStudioProjects\\MyApplication14\\entry\\oh-package.json5":"6f52f9d7aa6562cc4fbea4634f42e0c28ad8c14ec06da367f00d4245c6a6239f"},"CACHE_COMPILE_NATIVE_FILE_HASH-entry":{"C:\\Users\\n035029\\DevEcoStudioProjects\\MyApplication14\\entry\\.cxx\\default\\default\\debug\\arm64-v8a\\.cmake\\api\\v1\\reply\\codemodel-v2-4ac2143799b9b9be56f2.json":"eeed56b671cd2f285cb928aafd22a56168f1627b21d53c8d3f83d1e436827f75","C:\\Users\\n035029\\DevEcoStudioProjects\\MyApplication14\\entry\\.cxx\\default\\default\\debug\\arm64-v8a\\.cmake\\api\\v1\\reply\\directory-.-Debug-d0094a50bb2071803777.json":"348423937c0b89f3ae966d04ddac9d403309131e0a33d77c0ef2e3356c6b982f","C:\\Users\\n035029\\DevEcoStudioProjects\\MyApplication14\\entry\\.cxx\\default\\default\\debug\\armeabi-v7a\\compile_commands.json":"9a15f4014c93f9674aaaa8626997cb989cf3bed63f270ffc7b6c0c8505c00113","C:\\Users\\n035029\\DevEcoStudioProjects\\MyApplication14\\entry\\.cxx\\default\\default\\debug\\armeabi-v7a\\.cmake\\api\\v1\\reply\\codemodel-v2-83cffaea34ddb80490f5.json":"d09da20a1b873c45c74674e67d539029497c6baac40f7467cf2ef88933dc4f73","C:\\Users\\n035029\\DevEcoStudioProjects\\MyApplication14\\entry\\.cxx\\default\\default\\debug\\armeabi-v7a\\.cmake\\api\\v1\\reply\\cache-v2-18b833d24e62d60056c6.json":"5fa0b2fcd1ba47f0c1a657e9c6d4a6139c5a3141ab5dee3a9698405c02b7f931","SDK_LOCATION":"C:/Program Files/Huawei/DevEco Studio/sdk","C:\\Users\\n035029\\DevEcoStudioProjects\\MyApplication14\\entry\\.cxx\\default\\default\\debug\\arm64-v8a\\.cmake\\api\\v1\\reply\\cmakeFiles-v1-3b56570deb1f41e274cf.json":"1c872b93c06fe3973096eb9c97fc804e8658b6cc837afa0ee430e1551da687d9","C:\\Users\\n035029\\DevEcoStudioProjects\\MyApplication14\\entry\\.cxx\\default\\default\\debug\\armeabi-v7a\\.cmake\\api\\v1\\reply\\directory-.-Debug-d0094a50bb2071803777.json":"01292a5a215c25b563ad9a3ee64cce055a69289c05443df88bcc0191e0196652","C:\\Users\\n035029\\DevEcoStudioProjects\\MyApplication14\\entry\\.cxx\\default\\default\\debug\\armeabi-v7a\\.cmake\\api\\v1\\reply\\cmakeFiles-v1-6f096ffc8c093ce1715c.json":"e5f830ad222f0941893b323329bb4fafd67b2ce94f018fa2c80e5bd827170938","C:\\Users\\n035029\\DevEcoStudioProjects\\MyApplication14\\entry\\.cxx\\default\\default\\debug\\arm64-v8a\\.cmake\\api\\v1\\reply\\target-entry-Debug-dff6f364fc42531e5373.json":"0db738931914a30e9920fc7faaace1872334ed9213fc701628aae4fb2b4d855b","C:\\Users\\n035029\\DevEcoStudioProjects\\MyApplication14\\entry\\.cxx\\default\\default\\debug\\armeabi-v7a\\.cmake\\api\\v1\\reply\\target-entry-Debug-4a0131f5f81cf938d15d.json":"2543108794ce99fc26fa0e064a0e70b050c383626f3d42ac4e9d822e2ed2e675","C:\\Users\\n035029\\DevEcoStudioProjects\\MyApplication14\\entry\\.cxx\\default\\default\\debug\\arm64-v8a\\compile_commands.json":"12599b4727916fe6222638f337e82c7b514017dff5a542c98a5fcab5558cdfeb","C:\\Users\\n035029\\DevEcoStudioProjects\\MyApplication14\\entry\\.cxx\\default\\default\\debug\\arm64-v8a\\.cmake\\api\\v1\\reply\\index-2025-01-08T09-36-08-0436.json":"27de670c98009ba3bf0fc5f576701f8ac9dea0daf9636ca86ee0ae2fcd1f1f5b","C:\\Users\\n035029\\DevEcoStudioProjects\\MyApplication14\\entry\\.cxx\\default\\default\\debug\\arm64-v8a\\.cmake\\api\\v1\\reply\\cache-v2-403d7e506db44ac0c3b1.json":"b10ebba8983d852c25b483edaf5c898db0efa33c2998439865deaad59a00bcc6","C:\\Users\\n035029\\DevEcoStudioProjects\\MyApplication14\\entry\\.cxx\\default\\default\\debug\\armeabi-v7a\\.cmake\\api\\v1\\reply\\index-2025-01-08T09-36-08-0410.json":"57f7e3ae3150f54760b96adc4c73f63b31fb8af13c8e77680e25bd1e98b78169"}}