{
  "ohos-module-entry": {
    "SELECT_TARGET": "default",
    "MODULE_BUILD_DIR": "C:\\Users\\n035029\\DevEcoStudioProjects\\MyApplication14\\entry\\build",
    "DEPENDENCY_INFO": {},
    "TARGETS": {
      "default": {
        "SOURCE_ROOT": "C:\\Users\\n035029\\DevEcoStudioProjects\\MyApplication14\\entry\\src\\main",
        "RESOURCES_PATH": [
          "C:\\Users\\n035029\\DevEcoStudioProjects\\MyApplication14\\entry\\src\\main\\resources"
        ],
        "BUILD_PATH": {
          "OUTPUT_PATH": "C:\\Users\\n035029\\DevEcoStudioProjects\\MyApplication14\\entry\\build\\default\\outputs\\default",
          "INTERMEDIA_PATH": "C:\\Users\\n035029\\DevEcoStudioProjects\\MyApplication14\\entry\\build\\default\\intermediates",
          "JS_ASSETS_PATH": "C:\\Users\\n035029\\DevEcoStudioProjects\\MyApplication14\\entry\\build\\default\\intermediates\\loader_out\\default",
          "JS_LITE_ASSETS_PATH": "C:\\Users\\n035029\\DevEcoStudioProjects\\MyApplication14\\entry\\build\\default\\intermediates\\loader_out_lite\\default",
          "RES_PATH": "C:\\Users\\n035029\\DevEcoStudioProjects\\MyApplication14\\entry\\build\\default\\intermediates\\res\\default",
          "RES_PROFILE_PATH": "C:\\Users\\n035029\\DevEcoStudioProjects\\MyApplication14\\entry\\build\\default\\intermediates\\res\\default\\resources\\base\\profile",
          "ETS_SUPER_VISUAL_PATH": "C:\\Users\\n035029\\DevEcoStudioProjects\\MyApplication14\\entry\\build\\default\\cache\\default\\default@CompileArkTS\\esmodule",
          "JS_SUPER_VISUAL_PATH": "C:\\Users\\n035029\\DevEcoStudioProjects\\MyApplication14\\entry\\build\\default\\cache\\default\\default@CompileJS\\jsbundle",
          "WORKER_LOADER": "C:\\Users\\n035029\\DevEcoStudioProjects\\MyApplication14\\entry\\build\\default\\intermediates\\loader\\default\\loader.json",
          "MANIFEST_JSON": "C:\\Users\\n035029\\DevEcoStudioProjects\\MyApplication14\\entry\\build\\default\\intermediates\\manifest\\default",
          "OUTPUT_METADATA_JSON": "C:\\Users\\n035029\\DevEcoStudioProjects\\MyApplication14\\entry\\build\\default\\intermediates\\hap_metadata\\default\\output_metadata.json"
        },
        "BUILD_OPTION": {
          "debuggable": true
        }
      },
      "ohosTest": {
        "SOURCE_ROOT": "C:\\Users\\n035029\\DevEcoStudioProjects\\MyApplication14\\entry\\src\\ohosTest",
        "RESOURCES_PATH": [
          "C:\\Users\\n035029\\DevEcoStudioProjects\\MyApplication14\\entry\\src\\ohosTest\\resources"
        ],
        "BUILD_PATH": {
          "OUTPUT_PATH": "C:\\Users\\n035029\\DevEcoStudioProjects\\MyApplication14\\entry\\build\\default\\outputs\\ohosTest",
          "INTERMEDIA_PATH": "C:\\Users\\n035029\\DevEcoStudioProjects\\MyApplication14\\entry\\build\\default\\intermediates",
          "JS_ASSETS_PATH": "C:\\Users\\n035029\\DevEcoStudioProjects\\MyApplication14\\entry\\build\\default\\intermediates\\loader_out\\ohosTest",
          "JS_LITE_ASSETS_PATH": "C:\\Users\\n035029\\DevEcoStudioProjects\\MyApplication14\\entry\\build\\default\\intermediates\\loader_out_lite\\ohosTest",
          "RES_PATH": "C:\\Users\\n035029\\DevEcoStudioProjects\\MyApplication14\\entry\\build\\default\\intermediates\\res\\ohosTest",
          "RES_PROFILE_PATH": "C:\\Users\\n035029\\DevEcoStudioProjects\\MyApplication14\\entry\\build\\default\\intermediates\\res\\ohosTest\\resources\\base\\profile",
          "ETS_SUPER_VISUAL_PATH": "C:\\Users\\n035029\\DevEcoStudioProjects\\MyApplication14\\entry\\build\\default\\cache\\ohosTest\\ohosTest@OhosTestCompileArkTS\\esmodule",
          "JS_SUPER_VISUAL_PATH": "C:\\Users\\n035029\\DevEcoStudioProjects\\MyApplication14\\entry\\build\\default\\cache\\ohosTest\\ohosTest@OhosTestCompileJS\\jsbundle",
          "WORKER_LOADER": "C:\\Users\\n035029\\DevEcoStudioProjects\\MyApplication14\\entry\\build\\default\\intermediates\\loader\\ohosTest\\loader.json",
          "MANIFEST_JSON": "C:\\Users\\n035029\\DevEcoStudioProjects\\MyApplication14\\entry\\build\\default\\intermediates\\manifest\\ohosTest",
          "OUTPUT_METADATA_JSON": "C:\\Users\\n035029\\DevEcoStudioProjects\\MyApplication14\\entry\\build\\default\\intermediates\\hap_metadata\\ohosTest\\output_metadata.json"
        },
        "BUILD_OPTION": {
          "debuggable": true
        }
      }
    },
    "BUILD_OPTION": {
      "default-default": {
        "debuggable": true,
        "copyFrom": "default",
        "strictMode": {
          "caseSensitiveCheck": true,
          "useNormalizedOHMUrl": true
        },
        "externalNativeOptions": {
          "path": "./src/main/cpp/CMakeLists.txt",
          "arguments": "",
          "cppFlags": "",
          "abiFilters": [
            "armeabi-v7a",
            "arm64-v8a"
          ]
        },
        "name": "debug"
      }
    },
    "BUILD_PROFILE_OPT": {
      "apiType": "stageMode",
      "buildOption": {
        "externalNativeOptions": {
          "path": "./src/main/cpp/CMakeLists.txt",
          "arguments": "",
          "cppFlags": "",
          "abiFilters": [
            "armeabi-v7a",
            "arm64-v8a"
          ]
        }
      },
      "buildOptionSet": [
        {
          "name": "release",
          "arkOptions": {
            "obfuscation": {
              "ruleOptions": {
                "enable": false,
                "files": [
                  "./obfuscation-rules.txt"
                ]
              }
            }
          },
          "nativeLib": {
            "debugSymbol": {
              "strip": true,
              "exclude": []
            }
          }
        },
        {
          "name": "default"
        },
        {
          "name": "debug"
        }
      ],
      "targets": [
        {
          "name": "default"
        },
        {
          "name": "ohosTest"
        }
      ]
    }
  },
  "ohos-project": {
    "SELECT_PRODUCT_NAME": "default",
    "MODULE_BUILD_DIR": "C:\\Users\\n035029\\DevEcoStudioProjects\\MyApplication14\\build",
    "BUNDLE_NAME": "com.example.screencapture",
    "BUILD_PATH": {
      "OUTPUT_PATH": "C:\\Users\\n035029\\DevEcoStudioProjects\\MyApplication14\\build\\outputs\\default"
    },
    "MODULES": [
      {
        "name": "entry",
        "srcPath": "C:\\Users\\n035029\\DevEcoStudioProjects\\MyApplication14\\entry",
        "targets": [
          {
            "name": "default",
            "applyToProducts": [
              "default"
            ]
          }
        ],
        "belongProjectPath": "C:\\Users\\n035029\\DevEcoStudioProjects\\MyApplication14"
      }
    ],
    "PROFILE_OPT": {
      "app": {
        "products": [
          {
            "name": "default",
            "signingConfig": "default",
            "compatibleSdkVersion": 12,
            "compileSdkVersion": 12,
            "runtimeOS": "OpenHarmony",
            "buildOption": {
              "strictMode": {
                "caseSensitiveCheck": true,
                "useNormalizedOHMUrl": true
              }
            }
          }
        ],
        "buildModeSet": [
          {
            "name": "debug"
          },
          {
            "name": "release"
          }
        ],
        "signingConfigs": [
          {
            "name": "default",
            "material": {
              "certpath": "C:/Users/n035029/.ohos/config/openharmony/default_MyApplication14_h5ZV__lvdlmfBfBGpz4D3pJdSVrX7mF9GNxPlyJEIXg=.cer",
              "storePassword": "0000001ABB650B227A93C0BE632D88544A2A2B75456D774C3D6E59C63CE166B9B585F3810436336EAC72",
              "keyAlias": "debugKey",
              "keyPassword": "0000001AB1439CCBBBD595F9C820F145899E4B38037F48C69DBAD850D7FF0E13F2EB4D765435E4BAE4FE",
              "profile": "C:/Users/n035029/.ohos/config/openharmony/default_MyApplication14_h5ZV__lvdlmfBfBGpz4D3pJdSVrX7mF9GNxPlyJEIXg=.p7b",
              "signAlg": "SHA256withECDSA",
              "storeFile": "C:/Users/n035029/.ohos/config/openharmony/default_MyApplication14_h5ZV__lvdlmfBfBGpz4D3pJdSVrX7mF9GNxPlyJEIXg=.p12"
            }
          }
        ]
      },
      "modules": [
        {
          "name": "entry",
          "srcPath": "./entry",
          "targets": [
            {
              "name": "default",
              "applyToProducts": [
                "default"
              ]
            }
          ]
        }
      ]
    },
    "CONFIG_PROPERTIES": {
      "enableSignTask": true,
      "skipNativeIncremental": false,
      "hvigor.keepDependency": true
    },
    "OVERALL_PROJECT_PATHS": [
      "C:\\Users\\n035029\\DevEcoStudioProjects\\MyApplication14"
    ]
  },
  "version": 1
}