{"C:\\Users\\n035029\\DevEcoStudioProjects\\MyApplication14\\AppScope\\app.json5":{"hashValue":"fd3bb7ccba55b876e222873a91e76740","name":"app.json5","path":"C:\\Users\\n035029\\DevEcoStudioProjects\\MyApplication14\\AppScope\\app.json5","type":"file","isSymbolicLink":false,"fileMetaData":{"size":220,"lastModifiedTime":1736304199439}},"C:\\Users\\n035029\\DevEcoStudioProjects\\MyApplication14\\entry\\src\\main\\module.json5":{"hashValue":"4eaad8ddb6329c34d1dc0fc4ec745b8b","name":"module.json5","path":"C:\\Users\\n035029\\DevEcoStudioProjects\\MyApplication14\\entry\\src\\main\\module.json5","type":"file","isSymbolicLink":false,"fileMetaData":{"size":1650,"lastModifiedTime":1736325527452}},"C:\\Users\\n035029\\DevEcoStudioProjects\\MyApplication14\\build-profile.json5":{"hashValue":"35a5b67811092a0575d74148cf0315e7","name":"build-profile.json5","path":"C:\\Users\\n035029\\DevEcoStudioProjects\\MyApplication14\\build-profile.json5","type":"file","isSymbolicLink":false,"fileMetaData":{"size":1596,"lastModifiedTime":1736336779017}},"C:\\Users\\n035029\\DevEcoStudioProjects\\MyApplication14\\entry\\build-profile.json5":{"hashValue":"516a4d47470214713cd4ec8503425027","name":"build-profile.json5","path":"C:\\Users\\n035029\\DevEcoStudioProjects\\MyApplication14\\entry\\build-profile.json5","type":"file","isSymbolicLink":false,"fileMetaData":{"size":754,"lastModifiedTime":1736220978328}},"C:\\Users\\n035029\\DevEcoStudioProjects\\MyApplication14\\entry\\src\\main\\resources\\base\\profile\\main_pages.json":{"hashValue":"24671f0158e7f2433730a1c326c875c3","name":"main_pages.json","path":"C:\\Users\\n035029\\DevEcoStudioProjects\\MyApplication14\\entry\\src\\main\\resources\\base\\profile\\main_pages.json","type":"file","isSymbolicLink":false,"fileMetaData":{"size":37,"lastModifiedTime":1736218529170}},"C:\\Users\\n035029\\DevEcoStudioProjects\\MyApplication14\\hvigor\\hvigor-config.json5":{"hashValue":"338ceee65ab7c0969a41911b646dae82","name":"hvigor-config.json5","path":"C:\\Users\\n035029\\DevEcoStudioProjects\\MyApplication14\\hvigor\\hvigor-config.json5","type":"file","isSymbolicLink":false,"fileMetaData":{"size":1323,"lastModifiedTime":1736218528840}},"C:\\Users\\n035029\\DevEcoStudioProjects\\MyApplication14\\entry\\src\\mock\\mock-config.json5":{"hashValue":"f3cd4e8de3849781ba33a263f0e2d649","name":"mock-config.json5","path":"C:\\Users\\n035029\\DevEcoStudioProjects\\MyApplication14\\entry\\src\\mock\\mock-config.json5","type":"file","isSymbolicLink":false,"fileMetaData":{"size":69,"lastModifiedTime":1736218529192}},"C:\\Users\\n035029\\DevEcoStudioProjects\\MyApplication14\\entry\\oh-package.json5":{"hashValue":"0a9087bd79e4783266eea6c7beba7f17","name":"oh-package.json5","path":"C:\\Users\\n035029\\DevEcoStudioProjects\\MyApplication14\\entry\\oh-package.json5","type":"file","isSymbolicLink":false,"fileMetaData":{"size":240,"lastModifiedTime":1736218532069}},"C:\\Users\\n035029\\DevEcoStudioProjects\\MyApplication14\\entry\\build\\default\\intermediates\\hap_metadata\\default\\output_metadata.json":{"hashValue":"9c25777bb1af1af7fa62478ce5d247cb","name":"output_metadata.json","path":"C:\\Users\\n035029\\DevEcoStudioProjects\\MyApplication14\\entry\\build\\default\\intermediates\\hap_metadata\\default\\output_metadata.json","type":"file","isSymbolicLink":false,"fileMetaData":{"size":105,"lastModifiedTime":1736336788571}},"C:\\Users\\n035029\\DevEcoStudioProjects\\MyApplication14\\entry\\build\\default\\intermediates\\merge_profile\\default\\module.json":{"hashValue":"d550596708a1a167501e04c77e503976","name":"module.json","path":"C:\\Users\\n035029\\DevEcoStudioProjects\\MyApplication14\\entry\\build\\default\\intermediates\\merge_profile\\default\\module.json","type":"file","isSymbolicLink":false,"fileMetaData":{"size":1801,"lastModifiedTime":1736336788587}},"C:\\Users\\n035029\\DevEcoStudioProjects\\MyApplication14\\entry\\build\\default\\generated\\profile\\default\\BuildProfile.ets":{"hashValue":"cc3a27c08e71ac3f81da07bbfec46853","name":"BuildProfile.ets","path":"C:\\Users\\n035029\\DevEcoStudioProjects\\MyApplication14\\entry\\build\\default\\generated\\profile\\default\\BuildProfile.ets","type":"file","isSymbolicLink":false,"fileMetaData":{"size":868,"lastModifiedTime":1736336788592}},"C:\\Users\\n035029\\DevEcoStudioProjects\\MyApplication14\\entry\\src\\main\\resources\\base\\profile\\backup_config.json":{"hashValue":"8bb75e68082406a2a27ddcbf7bb3f68d","name":"backup_config.json","path":"C:\\Users\\n035029\\DevEcoStudioProjects\\MyApplication14\\entry\\src\\main\\resources\\base\\profile\\backup_config.json","type":"file","isSymbolicLink":false,"fileMetaData":{"size":36,"lastModifiedTime":1736218529156}},"C:\\Users\\n035029\\DevEcoStudioProjects\\MyApplication14\\entry\\build\\default\\outputs\\default\\pack.info":{"hashValue":"91bf952679fed13380a6fb04b6bd22b9","name":"pack.info","path":"C:\\Users\\n035029\\DevEcoStudioProjects\\MyApplication14\\entry\\build\\default\\outputs\\default\\pack.info","type":"file","isSymbolicLink":false,"fileMetaData":{"size":614,"lastModifiedTime":1736336788658}},"C:\\Users\\n035029\\DevEcoStudioProjects\\MyApplication14\\entry\\build\\default\\intermediates\\process_profile\\default\\module.json":{"hashValue":"f5b85acf8ca651cea2eee460ce6eb6b0","name":"module.json","path":"C:\\Users\\n035029\\DevEcoStudioProjects\\MyApplication14\\entry\\build\\default\\intermediates\\process_profile\\default\\module.json","type":"file","isSymbolicLink":false,"fileMetaData":{"size":1887,"lastModifiedTime":1736336788847}},"C:\\Users\\n035029\\AppData\\Local\\OpenHarmony\\Sdk\\12\\toolchains\\syscap_tool.exe":{"hashValue":"240cf21edce30c52d84468fef7e33dd5","name":"syscap_tool.exe","path":"C:\\Users\\n035029\\AppData\\Local\\OpenHarmony\\Sdk\\12\\toolchains\\syscap_tool.exe","type":"file","isSymbolicLink":false,"fileMetaData":{"size":345088,"lastModifiedTime":978278400000}},"C:\\Users\\n035029\\AppData\\Local\\OpenHarmony\\Sdk\\12\\ets\\api\\device-define":{"hashValue":"37fb4c41684b586d98dc402ac41880af","name":"device-define","path":"C:\\Users\\n035029\\AppData\\Local\\OpenHarmony\\Sdk\\12\\ets\\api\\device-define","type":"directory","isSymbolicLink":false,"children":[{"hashValue":"94ad1907ff560d724c64636e509a08a4","name":"default.json","path":"C:\\Users\\n035029\\AppData\\Local\\OpenHarmony\\Sdk\\12\\ets\\api\\device-define\\default.json","type":"file","isSymbolicLink":false,"fileMetaData":{"size":12253,"lastModifiedTime":978278400000}},{"hashValue":"01fa3c301816f261642b80eb29dd958a","name":"liteWearable.json","path":"C:\\Users\\n035029\\AppData\\Local\\OpenHarmony\\Sdk\\12\\ets\\api\\device-define\\liteWearable.json","type":"file","isSymbolicLink":false,"fileMetaData":{"size":883,"lastModifiedTime":978278400000}},{"hashValue":"2ce2f1f94e21d82d7819f70faaf6bac9","name":"tablet.json","path":"C:\\Users\\n035029\\AppData\\Local\\OpenHarmony\\Sdk\\12\\ets\\api\\device-define\\tablet.json","type":"file","isSymbolicLink":false,"fileMetaData":{"size":11820,"lastModifiedTime":978278400000}}]},"C:\\Users\\n035029\\DevEcoStudioProjects\\MyApplication14\\entry\\build\\default\\intermediates\\syscap\\default\\rpcid.sc":{"hashValue":"a0102615658e94044658523cf823e91c","name":"rpcid.sc","path":"C:\\Users\\n035029\\DevEcoStudioProjects\\MyApplication14\\entry\\build\\default\\intermediates\\syscap\\default\\rpcid.sc","type":"file","isSymbolicLink":false,"fileMetaData":{"size":59398,"lastModifiedTime":1736335914389}},"C:\\Users\\n035029\\DevEcoStudioProjects\\MyApplication14\\entry\\build\\default\\intermediates\\loader\\default\\pkgContextInfo.json":{"hashValue":"898bb0f84e2adf096c349488dbc6884e","name":"pkgContextInfo.json","path":"C:\\Users\\n035029\\DevEcoStudioProjects\\MyApplication14\\entry\\build\\default\\intermediates\\loader\\default\\pkgContextInfo.json","type":"file","isSymbolicLink":false,"fileMetaData":{"size":586,"lastModifiedTime":1736335913700}},"C:\\Users\\n035029\\DevEcoStudioProjects\\MyApplication14\\entry\\build\\default\\intermediates\\res\\default\\resConfig.json":{"hashValue":"25193d39aa55fa6c597fdb512a67b9e4","name":"resConfig.json","path":"C:\\Users\\n035029\\DevEcoStudioProjects\\MyApplication14\\entry\\build\\default\\intermediates\\res\\default\\resConfig.json","type":"file","isSymbolicLink":false,"fileMetaData":{"size":1151,"lastModifiedTime":1736335913706}},"C:\\Users\\n035029\\DevEcoStudioProjects\\MyApplication14\\entry\\build\\default\\intermediates\\res\\default\\opt-compression.json":{"hashValue":"e80a24106181e43e540a3eed5a887892","name":"opt-compression.json","path":"C:\\Users\\n035029\\DevEcoStudioProjects\\MyApplication14\\entry\\build\\default\\intermediates\\res\\default\\opt-compression.json","type":"file","isSymbolicLink":false,"fileMetaData":{"size":87,"lastModifiedTime":1736335913705}},"C:\\Users\\n035029\\DevEcoStudioProjects\\MyApplication14\\oh-package.json5":{"hashValue":"1cc4493ec4076ffa6ac15d6cf71a25db","name":"oh-package.json5","path":"C:\\Users\\n035029\\DevEcoStudioProjects\\MyApplication14\\oh-package.json5","type":"file","isSymbolicLink":false,"fileMetaData":{"size":210,"lastModifiedTime":1736218532054}},"C:\\Users\\n035029\\DevEcoStudioProjects\\MyApplication14\\entry\\build\\default\\intermediates\\router_map\\default\\temp-router-map.json":{"hashValue":"7f5f3a5ab69b13f5c3e2c095ae661bf8","name":"temp-router-map.json","path":"C:\\Users\\n035029\\DevEcoStudioProjects\\MyApplication14\\entry\\build\\default\\intermediates\\router_map\\default\\temp-router-map.json","type":"file","isSymbolicLink":false,"fileMetaData":{"size":16,"lastModifiedTime":1736335913716}},"C:\\Users\\n035029\\DevEcoStudioProjects\\MyApplication14\\entry\\build\\default\\intermediates\\router_map\\default\\loader-router-map.json":{"hashValue":"35ce63fbc3ac76f4db5553436a4fae70","name":"loader-router-map.json","path":"C:\\Users\\n035029\\DevEcoStudioProjects\\MyApplication14\\entry\\build\\default\\intermediates\\router_map\\default\\loader-router-map.json","type":"file","isSymbolicLink":false,"fileMetaData":{"size":16,"lastModifiedTime":1736335913717}},"C:\\Users\\n035029\\DevEcoStudioProjects\\MyApplication14\\entry\\src\\main\\resources":{"hashValue":"7f66493f91bd30e173706ff78db7b407","name":"resources","path":"C:\\Users\\n035029\\DevEcoStudioProjects\\MyApplication14\\entry\\src\\main\\resources","type":"directory","isSymbolicLink":false,"children":[{"hashValue":"b407f1e64650dd3f4d3333d3265cbe59","name":"base","path":"C:\\Users\\n035029\\DevEcoStudioProjects\\MyApplication14\\entry\\src\\main\\resources\\base","type":"directory","isSymbolicLink":false,"children":[{"hashValue":"ca59c30c96fc402662fa0b7eb1e0ceb6","name":"element","path":"C:\\Users\\n035029\\DevEcoStudioProjects\\MyApplication14\\entry\\src\\main\\resources\\base\\element","type":"directory","isSymbolicLink":false,"children":[{"hashValue":"d9e78a903c20b22efeba5c07100ee44d","name":"color.json","path":"C:\\Users\\n035029\\DevEcoStudioProjects\\MyApplication14\\entry\\src\\main\\resources\\base\\element\\color.json","type":"file","isSymbolicLink":false,"fileMetaData":{"size":105,"lastModifiedTime":1736218529043}},{"hashValue":"4b65462ae0fe4b3e784fae2476f84c33","name":"string.json","path":"C:\\Users\\n035029\\DevEcoStudioProjects\\MyApplication14\\entry\\src\\main\\resources\\base\\element\\string.json","type":"file","isSymbolicLink":false,"fileMetaData":{"size":331,"lastModifiedTime":1736325551583}}]},{"hashValue":"4a93364dac9594f8644087f578702e70","name":"media","path":"C:\\Users\\n035029\\DevEcoStudioProjects\\MyApplication14\\entry\\src\\main\\resources\\base\\media","type":"directory","isSymbolicLink":false,"children":[{"hashValue":"392d229698a1f5826114e7c985279582","name":"background.png","path":"C:\\Users\\n035029\\DevEcoStudioProjects\\MyApplication14\\entry\\src\\main\\resources\\base\\media\\background.png","type":"file","isSymbolicLink":false,"fileMetaData":{"size":57364,"lastModifiedTime":1736218529030}},{"hashValue":"62b0dcd173de77a671d4c305a2d68f25","name":"foreground.png","path":"C:\\Users\\n035029\\DevEcoStudioProjects\\MyApplication14\\entry\\src\\main\\resources\\base\\media\\foreground.png","type":"file","isSymbolicLink":false,"fileMetaData":{"size":12430,"lastModifiedTime":1736218529034}},{"hashValue":"30e7a11486bf23b9dad82cd9b1a2d23c","name":"layered_image.json","path":"C:\\Users\\n035029\\DevEcoStudioProjects\\MyApplication14\\entry\\src\\main\\resources\\base\\media\\layered_image.json","type":"file","isSymbolicLink":false,"fileMetaData":{"size":109,"lastModifiedTime":1736218529037}},{"hashValue":"fa03d8ee8eb6fc9418c58a4112916013","name":"startIcon.png","path":"C:\\Users\\n035029\\DevEcoStudioProjects\\MyApplication14\\entry\\src\\main\\resources\\base\\media\\startIcon.png","type":"file","isSymbolicLink":false,"fileMetaData":{"size":20093,"lastModifiedTime":1736218529116}}]},{"hashValue":"5a58cd13c2fe0ebdc6f1fac60a8b6641","name":"profile","path":"C:\\Users\\n035029\\DevEcoStudioProjects\\MyApplication14\\entry\\src\\main\\resources\\base\\profile","type":"directory","isSymbolicLink":false,"children":[{"hashValue":"8bb75e68082406a2a27ddcbf7bb3f68d","name":"backup_config.json","path":"C:\\Users\\n035029\\DevEcoStudioProjects\\MyApplication14\\entry\\src\\main\\resources\\base\\profile\\backup_config.json","type":"file","isSymbolicLink":false,"fileMetaData":{"size":36,"lastModifiedTime":1736218529156}},{"hashValue":"24671f0158e7f2433730a1c326c875c3","name":"main_pages.json","path":"C:\\Users\\n035029\\DevEcoStudioProjects\\MyApplication14\\entry\\src\\main\\resources\\base\\profile\\main_pages.json","type":"file","isSymbolicLink":false,"fileMetaData":{"size":37,"lastModifiedTime":1736218529170}}]}]},{"hashValue":"56c6733b81588fa34b53dc2bcfaeda00","name":"en_US","path":"C:\\Users\\n035029\\DevEcoStudioProjects\\MyApplication14\\entry\\src\\main\\resources\\en_US","type":"directory","isSymbolicLink":false,"children":[{"hashValue":"86de5732973aa6da011761f6c78f7a35","name":"element","path":"C:\\Users\\n035029\\DevEcoStudioProjects\\MyApplication14\\entry\\src\\main\\resources\\en_US\\element","type":"directory","isSymbolicLink":false,"children":[{"hashValue":"0cd1c8188bae03308042246f7994aec7","name":"string.json","path":"C:\\Users\\n035029\\DevEcoStudioProjects\\MyApplication14\\entry\\src\\main\\resources\\en_US\\element\\string.json","type":"file","isSymbolicLink":false,"fileMetaData":{"size":247,"lastModifiedTime":1736218532065}}]}]},{"hashValue":"","name":"rawfile","path":"C:\\Users\\n035029\\DevEcoStudioProjects\\MyApplication14\\entry\\src\\main\\resources\\rawfile","type":"directory","isSymbolicLink":false,"children":[]},{"hashValue":"8f79faa8690518cd750d9b22ff0d730c","name":"zh_CN","path":"C:\\Users\\n035029\\DevEcoStudioProjects\\MyApplication14\\entry\\src\\main\\resources\\zh_CN","type":"directory","isSymbolicLink":false,"children":[{"hashValue":"0bd66eee60677f6ff969692ea573f8dd","name":"element","path":"C:\\Users\\n035029\\DevEcoStudioProjects\\MyApplication14\\entry\\src\\main\\resources\\zh_CN\\element","type":"directory","isSymbolicLink":false,"children":[{"hashValue":"ace07928dc94a73ba9163b71f7e76fc8","name":"string.json","path":"C:\\Users\\n035029\\DevEcoStudioProjects\\MyApplication14\\entry\\src\\main\\resources\\zh_CN\\element\\string.json","type":"file","isSymbolicLink":false,"fileMetaData":{"size":241,"lastModifiedTime":1736218532045}}]}]}]},"C:\\Users\\n035029\\DevEcoStudioProjects\\MyApplication14\\AppScope\\resources":{"hashValue":"3f6b64e23c7d493eba09275a564e051f","name":"resources","path":"C:\\Users\\n035029\\DevEcoStudioProjects\\MyApplication14\\AppScope\\resources","type":"directory","isSymbolicLink":false,"children":[{"hashValue":"1474dbab0784b6890103e56a58908fd1","name":"base","path":"C:\\Users\\n035029\\DevEcoStudioProjects\\MyApplication14\\AppScope\\resources\\base","type":"directory","isSymbolicLink":false,"children":[{"hashValue":"8c406c3a1cbe302463093f3d6b1bc299","name":"element","path":"C:\\Users\\n035029\\DevEcoStudioProjects\\MyApplication14\\AppScope\\resources\\base\\element","type":"directory","isSymbolicLink":false,"children":[{"hashValue":"4e945fdb11a4d36d3e358a43560fa44f","name":"string.json","path":"C:\\Users\\n035029\\DevEcoStudioProjects\\MyApplication14\\AppScope\\resources\\base\\element\\string.json","type":"file","isSymbolicLink":false,"fileMetaData":{"size":99,"lastModifiedTime":1736218528866}}]},{"hashValue":"3d52c1743adfb36fe3031f5f4c12bc7e","name":"media","path":"C:\\Users\\n035029\\DevEcoStudioProjects\\MyApplication14\\AppScope\\resources\\base\\media","type":"directory","isSymbolicLink":false,"children":[{"hashValue":"7ab267ed36f0ce73a7c376eea7ac4819","name":"app_icon.png","path":"C:\\Users\\n035029\\DevEcoStudioProjects\\MyApplication14\\AppScope\\resources\\base\\media\\app_icon.png","type":"file","isSymbolicLink":false,"fileMetaData":{"size":2777,"lastModifiedTime":1736218528857}}]}]}]},"C:\\Users\\n035029\\DevEcoStudioProjects\\MyApplication14\\entry\\build\\default\\intermediates\\res\\default":{"hashValue":"a1f979643df99ae1a1fc781c58f5fba5","name":"default","path":"C:\\Users\\n035029\\DevEcoStudioProjects\\MyApplication14\\entry\\build\\default\\intermediates\\res\\default","type":"directory","isSymbolicLink":false,"children":[{"hashValue":"14add2beb0b84deb8dcf681c6a156057","name":"ids_map","path":"C:\\Users\\n035029\\DevEcoStudioProjects\\MyApplication14\\entry\\build\\default\\intermediates\\res\\default\\ids_map","type":"directory","isSymbolicLink":false,"children":[{"hashValue":"fa84528972c35a6fb023403095cda428","name":"id_defined.json","path":"C:\\Users\\n035029\\DevEcoStudioProjects\\MyApplication14\\entry\\build\\default\\intermediates\\res\\default\\ids_map\\id_defined.json","type":"file","isSymbolicLink":false,"fileMetaData":{"size":1027,"lastModifiedTime":1736336789028}}]},{"hashValue":"dcb17f1d13531a6d3e8ab43ba85cfdb5","name":"module.json","path":"C:\\Users\\n035029\\DevEcoStudioProjects\\MyApplication14\\entry\\build\\default\\intermediates\\res\\default\\module.json","type":"file","isSymbolicLink":false,"fileMetaData":{"size":2076,"lastModifiedTime":1736336789026}},{"hashValue":"e80a24106181e43e540a3eed5a887892","name":"opt-compression.json","path":"C:\\Users\\n035029\\DevEcoStudioProjects\\MyApplication14\\entry\\build\\default\\intermediates\\res\\default\\opt-compression.json","type":"file","isSymbolicLink":false,"fileMetaData":{"size":87,"lastModifiedTime":1736335913705}},{"hashValue":"25193d39aa55fa6c597fdb512a67b9e4","name":"resConfig.json","path":"C:\\Users\\n035029\\DevEcoStudioProjects\\MyApplication14\\entry\\build\\default\\intermediates\\res\\default\\resConfig.json","type":"file","isSymbolicLink":false,"fileMetaData":{"size":1151,"lastModifiedTime":1736335913706}},{"hashValue":"b6e1fb3d9b18fca8895834de96880065","name":"resources","path":"C:\\Users\\n035029\\DevEcoStudioProjects\\MyApplication14\\entry\\build\\default\\intermediates\\res\\default\\resources","type":"directory","isSymbolicLink":false,"children":[{"hashValue":"8b89d0da1dcbb2f0fa0a3e67284df498","name":"base","path":"C:\\Users\\n035029\\DevEcoStudioProjects\\MyApplication14\\entry\\build\\default\\intermediates\\res\\default\\resources\\base","type":"directory","isSymbolicLink":false,"children":[{"hashValue":"40c63923a16dd066bb8af4f311e34886","name":"media","path":"C:\\Users\\n035029\\DevEcoStudioProjects\\MyApplication14\\entry\\build\\default\\intermediates\\res\\default\\resources\\base\\media","type":"directory","isSymbolicLink":false,"children":[{"hashValue":"7ab267ed36f0ce73a7c376eea7ac4819","name":"app_icon.png","path":"C:\\Users\\n035029\\DevEcoStudioProjects\\MyApplication14\\entry\\build\\default\\intermediates\\res\\default\\resources\\base\\media\\app_icon.png","type":"file","isSymbolicLink":false,"fileMetaData":{"size":2777,"lastModifiedTime":1736218528857}},{"hashValue":"392d229698a1f5826114e7c985279582","name":"background.png","path":"C:\\Users\\n035029\\DevEcoStudioProjects\\MyApplication14\\entry\\build\\default\\intermediates\\res\\default\\resources\\base\\media\\background.png","type":"file","isSymbolicLink":false,"fileMetaData":{"size":57364,"lastModifiedTime":1736218529030}},{"hashValue":"62b0dcd173de77a671d4c305a2d68f25","name":"foreground.png","path":"C:\\Users\\n035029\\DevEcoStudioProjects\\MyApplication14\\entry\\build\\default\\intermediates\\res\\default\\resources\\base\\media\\foreground.png","type":"file","isSymbolicLink":false,"fileMetaData":{"size":12430,"lastModifiedTime":1736218529034}},{"hashValue":"5e2b93a6a7e95fce92731d78cbfa91a6","name":"layered_image.json","path":"C:\\Users\\n035029\\DevEcoStudioProjects\\MyApplication14\\entry\\build\\default\\intermediates\\res\\default\\resources\\base\\media\\layered_image.json","type":"file","isSymbolicLink":false,"fileMetaData":{"size":95,"lastModifiedTime":1736336789023}},{"hashValue":"fa03d8ee8eb6fc9418c58a4112916013","name":"startIcon.png","path":"C:\\Users\\n035029\\DevEcoStudioProjects\\MyApplication14\\entry\\build\\default\\intermediates\\res\\default\\resources\\base\\media\\startIcon.png","type":"file","isSymbolicLink":false,"fileMetaData":{"size":20093,"lastModifiedTime":1736218529116}}]},{"hashValue":"5a58cd13c2fe0ebdc6f1fac60a8b6641","name":"profile","path":"C:\\Users\\n035029\\DevEcoStudioProjects\\MyApplication14\\entry\\build\\default\\intermediates\\res\\default\\resources\\base\\profile","type":"directory","isSymbolicLink":false,"children":[{"hashValue":"8bb75e68082406a2a27ddcbf7bb3f68d","name":"backup_config.json","path":"C:\\Users\\n035029\\DevEcoStudioProjects\\MyApplication14\\entry\\build\\default\\intermediates\\res\\default\\resources\\base\\profile\\backup_config.json","type":"file","isSymbolicLink":false,"fileMetaData":{"size":36,"lastModifiedTime":1736218529156}},{"hashValue":"24671f0158e7f2433730a1c326c875c3","name":"main_pages.json","path":"C:\\Users\\n035029\\DevEcoStudioProjects\\MyApplication14\\entry\\build\\default\\intermediates\\res\\default\\resources\\base\\profile\\main_pages.json","type":"file","isSymbolicLink":false,"fileMetaData":{"size":37,"lastModifiedTime":1736218529170}}]}]},{"hashValue":"","name":"rawfile","path":"C:\\Users\\n035029\\DevEcoStudioProjects\\MyApplication14\\entry\\build\\default\\intermediates\\res\\default\\resources\\rawfile","type":"directory","isSymbolicLink":false,"children":[]}]},{"hashValue":"ae3409528367333abb36faf5873b20ba","name":"resources.index","path":"C:\\Users\\n035029\\DevEcoStudioProjects\\MyApplication14\\entry\\build\\default\\intermediates\\res\\default\\resources.index","type":"file","isSymbolicLink":false,"fileMetaData":{"size":1412,"lastModifiedTime":1736336789027}},{"hashValue":"02153baccd5b414e40c07b9f21798790","name":"ResourceTable.txt","path":"C:\\Users\\n035029\\DevEcoStudioProjects\\MyApplication14\\entry\\build\\default\\intermediates\\res\\default\\ResourceTable.txt","type":"file","isSymbolicLink":false,"fileMetaData":{"size":413,"lastModifiedTime":1736336789024}}]},"C:\\Users\\n035029\\DevEcoStudioProjects\\MyApplication14\\entry\\build\\default\\generated\\r\\default\\ResourceTable.h":{"hashValue":"00254e629876e4ccf65417169ef12b4c","name":"ResourceTable.h","path":"C:\\Users\\n035029\\DevEcoStudioProjects\\MyApplication14\\entry\\build\\default\\generated\\r\\default\\ResourceTable.h","type":"file","isSymbolicLink":false,"fileMetaData":{"size":1340,"lastModifiedTime":1736336789023}},"C:\\Users\\n035029\\DevEcoStudioProjects\\MyApplication14\\entry\\build\\default\\generated\\r\\default":{"hashValue":"dafb9c54553ab7a31f5b154e7e632b84","name":"default","path":"C:\\Users\\n035029\\DevEcoStudioProjects\\MyApplication14\\entry\\build\\default\\generated\\r\\default","type":"directory","isSymbolicLink":false,"children":[{"hashValue":"00254e629876e4ccf65417169ef12b4c","name":"ResourceTable.h","path":"C:\\Users\\n035029\\DevEcoStudioProjects\\MyApplication14\\entry\\build\\default\\generated\\r\\default\\ResourceTable.h","type":"file","isSymbolicLink":false,"fileMetaData":{"size":1340,"lastModifiedTime":1736336789023}}]},"C:\\Users\\n035029\\DevEcoStudioProjects\\MyApplication14\\entry\\build\\default\\intermediates\\loader\\default\\loader.json":{"hashValue":"4b7a15527da4a209479dc30095a7402a","name":"loader.json","path":"C:\\Users\\n035029\\DevEcoStudioProjects\\MyApplication14\\entry\\build\\default\\intermediates\\loader\\default\\loader.json","type":"file","isSymbolicLink":false,"fileMetaData":{"size":1014,"lastModifiedTime":1736389076682}},"C:\\Users\\n035029\\DevEcoStudioProjects\\MyApplication14\\entry\\build\\default\\intermediates\\loader\\default":{"hashValue":"4d70ace8b6f3ded219d3591ec66c27c4","name":"default","path":"C:\\Users\\n035029\\DevEcoStudioProjects\\MyApplication14\\entry\\build\\default\\intermediates\\loader\\default","type":"directory","isSymbolicLink":false,"children":[{"hashValue":"4b7a15527da4a209479dc30095a7402a","name":"loader.json","path":"C:\\Users\\n035029\\DevEcoStudioProjects\\MyApplication14\\entry\\build\\default\\intermediates\\loader\\default\\loader.json","type":"file","isSymbolicLink":false,"fileMetaData":{"size":1014,"lastModifiedTime":1736389076682}},{"hashValue":"898bb0f84e2adf096c349488dbc6884e","name":"pkgContextInfo.json","path":"C:\\Users\\n035029\\DevEcoStudioProjects\\MyApplication14\\entry\\build\\default\\intermediates\\loader\\default\\pkgContextInfo.json","type":"file","isSymbolicLink":false,"fileMetaData":{"size":586,"lastModifiedTime":1736335913700}}]},"C:\\Users\\n035029\\DevEcoStudioProjects\\MyApplication14\\entry\\build\\default\\intermediates\\res\\default\\resources\\rawfile":{"hashValue":"","name":"rawfile","path":"C:\\Users\\n035029\\DevEcoStudioProjects\\MyApplication14\\entry\\build\\default\\intermediates\\res\\default\\resources\\rawfile","type":"directory","isSymbolicLink":false,"children":[]},"C:\\Users\\n035029\\DevEcoStudioProjects\\MyApplication14\\entry\\build\\default\\intermediates\\res\\default\\ResourceTable.txt":{"hashValue":"02153baccd5b414e40c07b9f21798790","name":"ResourceTable.txt","path":"C:\\Users\\n035029\\DevEcoStudioProjects\\MyApplication14\\entry\\build\\default\\intermediates\\res\\default\\ResourceTable.txt","type":"file","isSymbolicLink":false,"fileMetaData":{"size":413,"lastModifiedTime":1736336789024}},"C:\\Users\\n035029\\DevEcoStudioProjects\\MyApplication14\\entry\\build\\default\\intermediates\\res\\default\\module.json":{"hashValue":"dcb17f1d13531a6d3e8ab43ba85cfdb5","name":"module.json","path":"C:\\Users\\n035029\\DevEcoStudioProjects\\MyApplication14\\entry\\build\\default\\intermediates\\res\\default\\module.json","type":"file","isSymbolicLink":false,"fileMetaData":{"size":2076,"lastModifiedTime":1736336789026}},"C:\\Users\\n035029\\DevEcoStudioProjects\\MyApplication14\\entry\\build\\default\\intermediates\\res\\default\\resources\\base\\profile":{"hashValue":"5a58cd13c2fe0ebdc6f1fac60a8b6641","name":"profile","path":"C:\\Users\\n035029\\DevEcoStudioProjects\\MyApplication14\\entry\\build\\default\\intermediates\\res\\default\\resources\\base\\profile","type":"directory","isSymbolicLink":false,"children":[{"hashValue":"8bb75e68082406a2a27ddcbf7bb3f68d","name":"backup_config.json","path":"C:\\Users\\n035029\\DevEcoStudioProjects\\MyApplication14\\entry\\build\\default\\intermediates\\res\\default\\resources\\base\\profile\\backup_config.json","type":"file","isSymbolicLink":false,"fileMetaData":{"size":36,"lastModifiedTime":1736218529156}},{"hashValue":"24671f0158e7f2433730a1c326c875c3","name":"main_pages.json","path":"C:\\Users\\n035029\\DevEcoStudioProjects\\MyApplication14\\entry\\build\\default\\intermediates\\res\\default\\resources\\base\\profile\\main_pages.json","type":"file","isSymbolicLink":false,"fileMetaData":{"size":37,"lastModifiedTime":1736218529170}}]},"C:\\Users\\n035029\\DevEcoStudioProjects\\MyApplication14\\entry\\src\\main\\ets":{"hashValue":"e3749c225cc0996811b9f2764a9bfcf1","name":"ets","path":"C:\\Users\\n035029\\DevEcoStudioProjects\\MyApplication14\\entry\\src\\main\\ets","type":"directory","isSymbolicLink":false,"children":[{"hashValue":"ff98d3c2459635812ae8743d20e1b042","name":"entryability","path":"C:\\Users\\n035029\\DevEcoStudioProjects\\MyApplication14\\entry\\src\\main\\ets\\entryability","type":"directory","isSymbolicLink":false,"children":[{"hashValue":"b397eb81aeec62ce36c749e249f7bda7","name":"EntryAbility.ets","path":"C:\\Users\\n035029\\DevEcoStudioProjects\\MyApplication14\\entry\\src\\main\\ets\\entryability\\EntryAbility.ets","type":"file","isSymbolicLink":false,"fileMetaData":{"size":1475,"lastModifiedTime":1736218532072}}]},{"hashValue":"3298025739d96c775b0fac1d42940941","name":"entrybackupability","path":"C:\\Users\\n035029\\DevEcoStudioProjects\\MyApplication14\\entry\\src\\main\\ets\\entrybackupability","type":"directory","isSymbolicLink":false,"children":[{"hashValue":"666501fc929feff518964e1c597dac47","name":"EntryBackupAbility.ets","path":"C:\\Users\\n035029\\DevEcoStudioProjects\\MyApplication14\\entry\\src\\main\\ets\\entrybackupability\\EntryBackupAbility.ets","type":"file","isSymbolicLink":false,"fileMetaData":{"size":436,"lastModifiedTime":1736218532061}}]},{"hashValue":"45f5cf6810d44505316053062ea1f0d9","name":"pages","path":"C:\\Users\\n035029\\DevEcoStudioProjects\\MyApplication14\\entry\\src\\main\\ets\\pages","type":"directory","isSymbolicLink":false,"children":[{"hashValue":"538a0feab9ff55aa343cf27301c7edd8","name":"Index.ets","path":"C:\\Users\\n035029\\DevEcoStudioProjects\\MyApplication14\\entry\\src\\main\\ets\\pages\\Index.ets","type":"file","isSymbolicLink":false,"fileMetaData":{"size":1937,"lastModifiedTime":1736334799140}}]}]},"C:\\Users\\n035029\\DevEcoStudioProjects\\MyApplication14\\entry\\src\\main\\cpp\\types":{"hashValue":"f2fe77bfce7db38aa20a5dab05541703","name":"types","path":"C:\\Users\\n035029\\DevEcoStudioProjects\\MyApplication14\\entry\\src\\main\\cpp\\types","type":"directory","isSymbolicLink":false,"children":[{"hashValue":"a0adf7453430e9f7cee5d346f75f72a0","name":"libentry","path":"C:\\Users\\n035029\\DevEcoStudioProjects\\MyApplication14\\entry\\src\\main\\cpp\\types\\libentry","type":"directory","isSymbolicLink":false,"children":[{"hashValue":"eb1f52578973775e12e1d483b2311ca2","name":"Index.d.ts","path":"C:\\Users\\n035029\\DevEcoStudioProjects\\MyApplication14\\entry\\src\\main\\cpp\\types\\libentry\\Index.d.ts","type":"file","isSymbolicLink":false,"fileMetaData":{"size":41,"lastModifiedTime":1736225153254}},{"hashValue":"5ac3fdb98a2ea0ccd2fab9fec4106086","name":"oh-package.json5","path":"C:\\Users\\n035029\\DevEcoStudioProjects\\MyApplication14\\entry\\src\\main\\cpp\\types\\libentry\\oh-package.json5","type":"file","isSymbolicLink":false,"fileMetaData":{"size":140,"lastModifiedTime":1736218529108}}]}]},"C:\\Users\\n035029\\DevEcoStudioProjects\\MyApplication14\\entry\\src\\mock\\Libentry.mock.ets":{"hashValue":"8aa88bb28c1bf08a52c74b5ddcf93575","name":"Libentry.mock.ets","path":"C:\\Users\\n035029\\DevEcoStudioProjects\\MyApplication14\\entry\\src\\mock\\Libentry.mock.ets","type":"file","isSymbolicLink":false,"fileMetaData":{"size":135,"lastModifiedTime":1736218529188}},"C:\\Users\\n035029\\DevEcoStudioProjects\\MyApplication14\\entry\\build\\default\\intermediates\\loader_out\\default\\ets":{"hashValue":"eaa478048fd9633c28bbc7a811e1e70f","name":"ets","path":"C:\\Users\\n035029\\DevEcoStudioProjects\\MyApplication14\\entry\\build\\default\\intermediates\\loader_out\\default\\ets","type":"directory","isSymbolicLink":false,"children":[{"hashValue":"e15f720ad6dd8b57c1641e94368c52f9","name":"modules.abc","path":"C:\\Users\\n035029\\DevEcoStudioProjects\\MyApplication14\\entry\\build\\default\\intermediates\\loader_out\\default\\ets\\modules.abc","type":"file","isSymbolicLink":false,"fileMetaData":{"size":12992,"lastModifiedTime":1736389081259}},{"hashValue":"3df628b8511954109ab322bbd749e5aa","name":"sourceMaps.map","path":"C:\\Users\\n035029\\DevEcoStudioProjects\\MyApplication14\\entry\\build\\default\\intermediates\\loader_out\\default\\ets\\sourceMaps.map","type":"file","isSymbolicLink":false,"fileMetaData":{"size":3855,"lastModifiedTime":1736389081197}}]},"C:\\Users\\n035029\\DevEcoStudioProjects\\MyApplication14\\entry\\libs":{"hashValue":"e2a4c8972fefd2c3d18824a4b1c58ed9","name":"libs","path":"C:\\Users\\n035029\\DevEcoStudioProjects\\MyApplication14\\entry\\libs","type":"directory","isSymbolicLink":false,"children":[{"hashValue":"","name":"arm64-v8a","path":"C:\\Users\\n035029\\DevEcoStudioProjects\\MyApplication14\\entry\\libs\\arm64-v8a","type":"directory","isSymbolicLink":false,"children":[]}]},"C:\\Users\\n035029\\DevEcoStudioProjects\\MyApplication14\\entry\\build\\default\\intermediates\\libs\\default":{"hashValue":"b576e427fa3efe75eeda8793736acc21","name":"default","path":"C:\\Users\\n035029\\DevEcoStudioProjects\\MyApplication14\\entry\\build\\default\\intermediates\\libs\\default","type":"directory","isSymbolicLink":false,"children":[{"hashValue":"441c5d779264e3ab788157ddeaca6145","name":"arm64-v8a","path":"C:\\Users\\n035029\\DevEcoStudioProjects\\MyApplication14\\entry\\build\\default\\intermediates\\libs\\default\\arm64-v8a","type":"directory","isSymbolicLink":false,"children":[{"hashValue":"921f811063c9fb1cca16fa83bdbd859e","name":"libc++_shared.so","path":"C:\\Users\\n035029\\DevEcoStudioProjects\\MyApplication14\\entry\\build\\default\\intermediates\\libs\\default\\arm64-v8a\\libc++_shared.so","type":"file","isSymbolicLink":false,"fileMetaData":{"size":1261960,"lastModifiedTime":978278400000}},{"hashValue":"61de27493eca26fb0f4231a7dbeac5d3","name":"libentry.so","path":"C:\\Users\\n035029\\DevEcoStudioProjects\\MyApplication14\\entry\\build\\default\\intermediates\\libs\\default\\arm64-v8a\\libentry.so","type":"file","isSymbolicLink":false,"fileMetaData":{"size":340080,"lastModifiedTime":1736415640890}}]},{"hashValue":"00dba080161e9cde54f373f4f5d9bc68","name":"armeabi-v7a","path":"C:\\Users\\n035029\\DevEcoStudioProjects\\MyApplication14\\entry\\build\\default\\intermediates\\libs\\default\\armeabi-v7a","type":"directory","isSymbolicLink":false,"children":[{"hashValue":"1a3e0d64a04875a52047557a8537059c","name":"libc++_shared.so","path":"C:\\Users\\n035029\\DevEcoStudioProjects\\MyApplication14\\entry\\build\\default\\intermediates\\libs\\default\\armeabi-v7a\\libc++_shared.so","type":"file","isSymbolicLink":false,"fileMetaData":{"size":1110368,"lastModifiedTime":978278400000}},{"hashValue":"012ee8a8a89ff9915f90a04f13c3e7c3","name":"libentry.so","path":"C:\\Users\\n035029\\DevEcoStudioProjects\\MyApplication14\\entry\\build\\default\\intermediates\\libs\\default\\armeabi-v7a\\libentry.so","type":"file","isSymbolicLink":false,"fileMetaData":{"size":282552,"lastModifiedTime":1736415640801}}]}]},"C:\\Users\\n035029\\DevEcoStudioProjects\\MyApplication14\\entry\\build\\default\\intermediates\\stripped_native_libs\\default":{"hashValue":"318ebbb37e80d82fb5345f2680c23487","name":"default","path":"C:\\Users\\n035029\\DevEcoStudioProjects\\MyApplication14\\entry\\build\\default\\intermediates\\stripped_native_libs\\default","type":"directory","isSymbolicLink":false,"children":[{"hashValue":"972a938b0858c8baff45b3d4d06c1954","name":"arm64-v8a","path":"C:\\Users\\n035029\\DevEcoStudioProjects\\MyApplication14\\entry\\build\\default\\intermediates\\stripped_native_libs\\default\\arm64-v8a","type":"directory","isSymbolicLink":false,"children":[{"hashValue":"017779bc5f4b1aded9e01c3e05eaa7b1","name":"libc++_shared.so","path":"C:\\Users\\n035029\\DevEcoStudioProjects\\MyApplication14\\entry\\build\\default\\intermediates\\stripped_native_libs\\default\\arm64-v8a\\libc++_shared.so","type":"file","isSymbolicLink":false,"fileMetaData":{"size":1261960,"lastModifiedTime":1736335916580}},{"hashValue":"6230f9717d973047f4b82ec4205c547a","name":"libentry.so","path":"C:\\Users\\n035029\\DevEcoStudioProjects\\MyApplication14\\entry\\build\\default\\intermediates\\stripped_native_libs\\default\\arm64-v8a\\libentry.so","type":"file","isSymbolicLink":false,"fileMetaData":{"size":72368,"lastModifiedTime":1736415641064}}]},{"hashValue":"6d987d89e174901c056dbb870922def4","name":"armeabi-v7a","path":"C:\\Users\\n035029\\DevEcoStudioProjects\\MyApplication14\\entry\\build\\default\\intermediates\\stripped_native_libs\\default\\armeabi-v7a","type":"directory","isSymbolicLink":false,"children":[{"hashValue":"b5e2675f91cf2ea1f62a961aa3d3a2f6","name":"libc++_shared.so","path":"C:\\Users\\n035029\\DevEcoStudioProjects\\MyApplication14\\entry\\build\\default\\intermediates\\stripped_native_libs\\default\\armeabi-v7a\\libc++_shared.so","type":"file","isSymbolicLink":false,"fileMetaData":{"size":1110368,"lastModifiedTime":1736335916527}},{"hashValue":"df51cb18c62d91c57e2d6b388cb662b2","name":"libentry.so","path":"C:\\Users\\n035029\\DevEcoStudioProjects\\MyApplication14\\entry\\build\\default\\intermediates\\stripped_native_libs\\default\\armeabi-v7a\\libentry.so","type":"file","isSymbolicLink":false,"fileMetaData":{"size":48608,"lastModifiedTime":1736415641047}}]}]},"C:\\Users\\n035029\\DevEcoStudioProjects\\MyApplication14\\entry\\build\\default\\intermediates\\patch\\default\\base_native_libs.json":{"hashValue":"97b233c3ed4986f14e957454a18659e9","name":"base_native_libs.json","path":"C:\\Users\\n035029\\DevEcoStudioProjects\\MyApplication14\\entry\\build\\default\\intermediates\\patch\\default\\base_native_libs.json","type":"file","isSymbolicLink":false,"fileMetaData":{"size":1491,"lastModifiedTime":1736415641759}},"C:\\Users\\n035029\\DevEcoStudioProjects\\MyApplication14\\entry\\build\\default\\intermediates\\package\\default\\module.json":{"hashValue":"dcb17f1d13531a6d3e8ab43ba85cfdb5","name":"module.json","path":"C:\\Users\\n035029\\DevEcoStudioProjects\\MyApplication14\\entry\\build\\default\\intermediates\\package\\default\\module.json","type":"file","isSymbolicLink":false,"fileMetaData":{"size":2076,"lastModifiedTime":1736336789026}},"C:\\Users\\n035029\\DevEcoStudioProjects\\MyApplication14\\entry\\build\\default\\intermediates\\res\\default\\resources":{"hashValue":"b6e1fb3d9b18fca8895834de96880065","name":"resources","path":"C:\\Users\\n035029\\DevEcoStudioProjects\\MyApplication14\\entry\\build\\default\\intermediates\\res\\default\\resources","type":"directory","isSymbolicLink":false,"children":[{"hashValue":"8b89d0da1dcbb2f0fa0a3e67284df498","name":"base","path":"C:\\Users\\n035029\\DevEcoStudioProjects\\MyApplication14\\entry\\build\\default\\intermediates\\res\\default\\resources\\base","type":"directory","isSymbolicLink":false,"children":[{"hashValue":"40c63923a16dd066bb8af4f311e34886","name":"media","path":"C:\\Users\\n035029\\DevEcoStudioProjects\\MyApplication14\\entry\\build\\default\\intermediates\\res\\default\\resources\\base\\media","type":"directory","isSymbolicLink":false,"children":[{"hashValue":"7ab267ed36f0ce73a7c376eea7ac4819","name":"app_icon.png","path":"C:\\Users\\n035029\\DevEcoStudioProjects\\MyApplication14\\entry\\build\\default\\intermediates\\res\\default\\resources\\base\\media\\app_icon.png","type":"file","isSymbolicLink":false,"fileMetaData":{"size":2777,"lastModifiedTime":1736218528857}},{"hashValue":"392d229698a1f5826114e7c985279582","name":"background.png","path":"C:\\Users\\n035029\\DevEcoStudioProjects\\MyApplication14\\entry\\build\\default\\intermediates\\res\\default\\resources\\base\\media\\background.png","type":"file","isSymbolicLink":false,"fileMetaData":{"size":57364,"lastModifiedTime":1736218529030}},{"hashValue":"62b0dcd173de77a671d4c305a2d68f25","name":"foreground.png","path":"C:\\Users\\n035029\\DevEcoStudioProjects\\MyApplication14\\entry\\build\\default\\intermediates\\res\\default\\resources\\base\\media\\foreground.png","type":"file","isSymbolicLink":false,"fileMetaData":{"size":12430,"lastModifiedTime":1736218529034}},{"hashValue":"5e2b93a6a7e95fce92731d78cbfa91a6","name":"layered_image.json","path":"C:\\Users\\n035029\\DevEcoStudioProjects\\MyApplication14\\entry\\build\\default\\intermediates\\res\\default\\resources\\base\\media\\layered_image.json","type":"file","isSymbolicLink":false,"fileMetaData":{"size":95,"lastModifiedTime":1736336789023}},{"hashValue":"fa03d8ee8eb6fc9418c58a4112916013","name":"startIcon.png","path":"C:\\Users\\n035029\\DevEcoStudioProjects\\MyApplication14\\entry\\build\\default\\intermediates\\res\\default\\resources\\base\\media\\startIcon.png","type":"file","isSymbolicLink":false,"fileMetaData":{"size":20093,"lastModifiedTime":1736218529116}}]},{"hashValue":"5a58cd13c2fe0ebdc6f1fac60a8b6641","name":"profile","path":"C:\\Users\\n035029\\DevEcoStudioProjects\\MyApplication14\\entry\\build\\default\\intermediates\\res\\default\\resources\\base\\profile","type":"directory","isSymbolicLink":false,"children":[{"hashValue":"8bb75e68082406a2a27ddcbf7bb3f68d","name":"backup_config.json","path":"C:\\Users\\n035029\\DevEcoStudioProjects\\MyApplication14\\entry\\build\\default\\intermediates\\res\\default\\resources\\base\\profile\\backup_config.json","type":"file","isSymbolicLink":false,"fileMetaData":{"size":36,"lastModifiedTime":1736218529156}},{"hashValue":"24671f0158e7f2433730a1c326c875c3","name":"main_pages.json","path":"C:\\Users\\n035029\\DevEcoStudioProjects\\MyApplication14\\entry\\build\\default\\intermediates\\res\\default\\resources\\base\\profile\\main_pages.json","type":"file","isSymbolicLink":false,"fileMetaData":{"size":37,"lastModifiedTime":1736218529170}}]}]},{"hashValue":"","name":"rawfile","path":"C:\\Users\\n035029\\DevEcoStudioProjects\\MyApplication14\\entry\\build\\default\\intermediates\\res\\default\\resources\\rawfile","type":"directory","isSymbolicLink":false,"children":[]}]},"C:\\Users\\n035029\\DevEcoStudioProjects\\MyApplication14\\entry\\build\\default\\intermediates\\res\\default\\resources.index":{"hashValue":"ae3409528367333abb36faf5873b20ba","name":"resources.index","path":"C:\\Users\\n035029\\DevEcoStudioProjects\\MyApplication14\\entry\\build\\default\\intermediates\\res\\default\\resources.index","type":"file","isSymbolicLink":false,"fileMetaData":{"size":1412,"lastModifiedTime":1736336789027}},"C:\\Users\\n035029\\DevEcoStudioProjects\\MyApplication14\\entry\\build\\default\\outputs\\default\\entry-default-unsigned.hap":{"hashValue":"e76803124e7625c0ca99c1853163c945","name":"entry-default-unsigned.hap","path":"C:\\Users\\n035029\\DevEcoStudioProjects\\MyApplication14\\entry\\build\\default\\outputs\\default\\entry-default-unsigned.hap","type":"file","isSymbolicLink":false,"fileMetaData":{"size":2668989,"lastModifiedTime":1736415642020}},"C:\\Users\\n035029\\DevEcoStudioProjects\\MyApplication14\\entry\\build\\default\\outputs\\default\\mapping\\sourceMaps.map":{"hashValue":"3df628b8511954109ab322bbd749e5aa","name":"sourceMaps.map","path":"C:\\Users\\n035029\\DevEcoStudioProjects\\MyApplication14\\entry\\build\\default\\outputs\\default\\mapping\\sourceMaps.map","type":"file","isSymbolicLink":false,"fileMetaData":{"size":3855,"lastModifiedTime":1736389081197}},"C:/Users/n035029/.ohos/config/openharmony/default_MyApplication14_h5ZV__lvdlmfBfBGpz4D3pJdSVrX7mF9GNxPlyJEIXg=.cer":{"hashValue":"7982e48af7dd58c5baa9a73f738dcf30","name":"default_MyApplication14_h5ZV__lvdlmfBfBGpz4D3pJdSVrX7mF9GNxPlyJEIXg=.cer","path":"C:/Users/n035029/.ohos/config/openharmony/default_MyApplication14_h5ZV__lvdlmfBfBGpz4D3pJdSVrX7mF9GNxPlyJEIXg=.cer","type":"file","isSymbolicLink":false,"fileMetaData":{"size":1698,"lastModifiedTime":1736336774734}},"C:/Users/n035029/.ohos/config/openharmony/default_MyApplication14_h5ZV__lvdlmfBfBGpz4D3pJdSVrX7mF9GNxPlyJEIXg=.p12":{"hashValue":"7494a044a88a5307826ae2e0d8438977","name":"default_MyApplication14_h5ZV__lvdlmfBfBGpz4D3pJdSVrX7mF9GNxPlyJEIXg=.p12","path":"C:/Users/n035029/.ohos/config/openharmony/default_MyApplication14_h5ZV__lvdlmfBfBGpz4D3pJdSVrX7mF9GNxPlyJEIXg=.p12","type":"file","isSymbolicLink":false,"fileMetaData":{"size":1128,"lastModifiedTime":1736336773884}},"C:/Users/n035029/.ohos/config/openharmony/default_MyApplication14_h5ZV__lvdlmfBfBGpz4D3pJdSVrX7mF9GNxPlyJEIXg=.p7b":{"hashValue":"93ba8895d22cf9b31990e773af0c3414","name":"default_MyApplication14_h5ZV__lvdlmfBfBGpz4D3pJdSVrX7mF9GNxPlyJEIXg=.p7b","path":"C:/Users/n035029/.ohos/config/openharmony/default_MyApplication14_h5ZV__lvdlmfBfBGpz4D3pJdSVrX7mF9GNxPlyJEIXg=.p7b","type":"file","isSymbolicLink":false,"fileMetaData":{"size":3462,"lastModifiedTime":1736336775603}},"C:\\Users\\n035029\\DevEcoStudioProjects\\MyApplication14\\entry\\build\\default\\outputs\\default\\entry-default-signed.hap":{"hashValue":"afdc16e0a79b4ca72d3d7cc8b28ca183","name":"entry-default-signed.hap","path":"C:\\Users\\n035029\\DevEcoStudioProjects\\MyApplication14\\entry\\build\\default\\outputs\\default\\entry-default-signed.hap","type":"file","isSymbolicLink":false,"fileMetaData":{"size":2742836,"lastModifiedTime":1736415642798}},"C:\\Users\\n035029\\DevEcoStudioProjects\\MyApplication14\\build\\cache\\default\\integrated_hsp\\integratedHspCache.json":{"hashValue":"","name":"emptyroot","path":"","type":"unknown","isSymbolicLink":false,"children":[]},"C:\\Users\\n035029\\DevEcoStudioProjects\\MyApplication14\\entry\\build\\default\\intermediates\\loader_out\\default\\js":{"hashValue":"","name":"emptyroot","path":"","type":"unknown","isSymbolicLink":false,"children":[]}}