{":MyApplication14:entry:default@PreBuild":{"_inputs":[{"dataType":"ValueEntry","value":"{\"_name\":\"BUILTIN_TASK_COMMAND\",\"_value\":\"\",\"_valueType\":\"string\",\"_hash\":\"0b5d05294fdf4e78e8482ef53eb64ac0\"}"},{"dataType":"ValueEntry","value":"{\"_name\":\"BUILTIN_TASK_ENV\",\"_value\":\"\",\"_valueType\":\"string\",\"_hash\":\"cdcdc2ec8062ca9ec1de46dbf2bbc053\"}"},{"dataType":"ValueEntry","value":"{\"_name\":\"BUILTIN_TASK_TOOLCHAIN\",\"_value\":\"\",\"_valueType\":\"string\",\"_hash\":\"e7f94a9422a8bc317a7d90b58efcb5f6\"}"},{"dataType":"ValueEntry","value":"{\"_name\":\"apiType\",\"_value\":\"stageMode\",\"_valueType\":\"string\",\"_hash\":\"699c7565645ea3ea8c88551a4926a3d5\"}"},{"dataType":"ValueEntry","value":"{\"_name\":\"byteCodeHar\",\"_value\":false,\"_valueType\":\"boolean\",\"_hash\":\"1918a3ccb645ccacd0aedd84fc6cf8a4\"}"},{"dataType":"ValueEntry","value":"{\"_name\":\"codeType\",\"_value\":true,\"_valueType\":\"boolean\",\"_hash\":\"d6dcf21a9f078b661283507536e57ce8\"}"},{"dataType":"ValueEntry","value":"{\"_name\":\"compatibleApiVersion\",\"_value\":12,\"_valueType\":\"number\",\"_hash\":\"b8c1ba3ecddcd8b1be17325fb873c8bc\"}"},{"dataType":"ValueEntry","value":"{\"_name\":\"compileApiVersion\",\"_value\":12,\"_valueType\":\"number\",\"_hash\":\"5bc55d1554c9b9f95bf3de5259c04c8b\"}"},{"dataType":"ValueEntry","value":"{\"_name\":\"configuration\",\"_value\":\"\",\"_valueType\":\"string\",\"_hash\":\"d12f0038691f8f34d654391bbcee2f8e\"}"},{"dataType":"ValueEntry","value":"{\"_name\":\"configurationFileJson\",\"_value\":\"\",\"_valueType\":\"string\",\"_hash\":\"2b55287f40f7e8896b21bab4028e156b\"}"},{"dataType":"ValueEntry","value":"{\"_name\":\"customTypes\",\"_value\":\"\",\"_valueType\":\"string\",\"_hash\":\"970a2695bffac1c5a4fa283dc36050e3\"}"},{"dataType":"ValueEntry","value":"{\"_name\":\"deviceType\",\"_value\":[\"default\"],\"_valueType\":\"object\",\"_hash\":\"251621b3aa815def41be8cbfc1a421e2\"}"},{"dataType":"ValueEntry","value":"{\"_name\":\"integrated_hsp\",\"_value\":false,\"_valueType\":\"boolean\",\"_hash\":\"2538281751f182d9123d2ab28efaf9be\"}"},{"dataType":"ValueEntry","value":"{\"_name\":\"isSupportOhpmProj\",\"_value\":true,\"_valueType\":\"boolean\",\"_hash\":\"f3a249d7e3f751316e931b8a08b074b4\"}"},{"dataType":"ValueEntry","value":"{\"_name\":\"mockConfigSources\",\"_value\":\"C:\\\\Users\\\\n035029\\\\DevEcoStudioProjects\\\\MyApplication14\\\\entry\\\\src\\\\mock\\\\Libentry.mock.ets\",\"_valueType\":\"string\",\"_hash\":\"8e097d63b09e00c8159e1d0246ec1003\"}"},{"dataType":"ValueEntry","value":"{\"_name\":\"moduleJsonOpt\",\"_value\":\"{\\\"jsonFilePath\\\":\\\"C:\\\\\\\\Users\\\\\\\\n035029\\\\\\\\DevEcoStudioProjects\\\\\\\\MyApplication14\\\\\\\\entry\\\\\\\\src\\\\\\\\main\\\\\\\\module.json5\\\",\\\"profile\\\":{\\\"module\\\":{\\\"name\\\":\\\"entry\\\",\\\"type\\\":\\\"entry\\\",\\\"description\\\":\\\"$string:module_desc\\\",\\\"mainElement\\\":\\\"EntryAbility\\\",\\\"deviceTypes\\\":[\\\"default\\\"],\\\"deliveryWithInstall\\\":true,\\\"installationFree\\\":false,\\\"pages\\\":\\\"$profile:main_pages\\\",\\\"requestPermissions\\\":[{\\\"name\\\":\\\"ohos.permission.CAPTURE_SCREEN\\\"},{\\\"name\\\":\\\"ohos.permission.MICROPHONE\\\",\\\"reason\\\":\\\"$string:mic_permission_reason\\\",\\\"usedScene\\\":{\\\"abilities\\\":[\\\"EntryAbility\\\"],\\\"when\\\":\\\"inuse\\\"}}],\\\"abilities\\\":[{\\\"name\\\":\\\"EntryAbility\\\",\\\"srcEntry\\\":\\\"./ets/entryability/EntryAbility.ets\\\",\\\"description\\\":\\\"$string:EntryAbility_desc\\\",\\\"icon\\\":\\\"$media:layered_image\\\",\\\"label\\\":\\\"$string:EntryAbility_label\\\",\\\"startWindowIcon\\\":\\\"$media:startIcon\\\",\\\"startWindowBackground\\\":\\\"$color:start_window_background\\\",\\\"exported\\\":true,\\\"skills\\\":[{\\\"entities\\\":[\\\"entity.system.home\\\"],\\\"actions\\\":[\\\"action.system.home\\\"]}]}],\\\"extensionAbilities\\\":[{\\\"name\\\":\\\"EntryBackupAbility\\\",\\\"srcEntry\\\":\\\"./ets/entrybackupability/EntryBackupAbility.ets\\\",\\\"type\\\":\\\"backup\\\",\\\"exported\\\":false,\\\"metadata\\\":[{\\\"name\\\":\\\"ohos.extension.backup\\\",\\\"resource\\\":\\\"$profile:backup_config\\\"}]}]}},\\\"deviceTypes\\\":[\\\"default\\\"],\\\"deviceConfig\\\":\\\"deviceTypes\\\",\\\"configurationProfile\\\":\\\"module.json5\\\"}\",\"_valueType\":\"string\",\"_hash\":\"e9fd85408783e286af4bc2b93071eee4\"}"},{"dataType":"ValueEntry","value":"{\"_name\":\"profileModuleName\",\"_value\":\"entry\",\"_valueType\":\"string\",\"_hash\":\"b174ea6ff5824844dde5ad92f6b3ef2b\"}"},{"dataType":"ValueEntry","value":"{\"_name\":\"sdkToolchainsComponentVersion\",\"_value\":\"5.0.0.71\",\"_valueType\":\"string\",\"_hash\":\"119f7d6df90eed3eb0291221796337ff\"}"},{"dataType":"ValueEntry","value":"{\"_name\":\"sourceRoots\",\"_value\":true,\"_valueType\":\"boolean\",\"_hash\":\"a369c115d2c4122f3819759804ec9d35\"}"},{"dataType":"ValueEntry","value":"{\"_name\":\"targetStatusCode\",\"_value\":1,\"_valueType\":\"number\",\"_hash\":\"0ec6123a9c2b84b1bb8ff1aa490b637d\"}"},{"dataType":"ValueEntry","value":"{\"_name\":\"transformLib\",\"_value\":\"\",\"_valueType\":\"string\",\"_hash\":\"7d270d0ce7ae5c6e2e32760cb396ea5a\"}"},{"dataType":"ValueEntry","value":"{\"_name\":\"useNormalizedOHMUrl\",\"_value\":true,\"_valueType\":\"boolean\",\"_hash\":\"05eabcf12e6fe230e579e0fd37679db6\"}"}],"_successful":true,"_projectName":"MyApplication14","_moduleName":"entry","_taskName":"default@PreBuild","_key":":MyApplication14:entry:default@PreBuild","_executionId":":MyApplication14:entry:default@PreBuild:1736336781979","_inputFiles":{"dataType":"Map","value":[["C:\\Users\\n035029\\DevEcoStudioProjects\\MyApplication14\\AppScope\\app.json5",{"isDirectory":false,"fileSnapShotHashValue":"fd3bb7ccba55b876e222873a91e76740"}],["C:\\Users\\n035029\\DevEcoStudioProjects\\MyApplication14\\entry\\src\\main\\module.json5",{"isDirectory":false,"fileSnapShotHashValue":"4eaad8ddb6329c34d1dc0fc4ec745b8b"}],["C:\\Users\\n035029\\DevEcoStudioProjects\\MyApplication14\\build-profile.json5",{"fileSnapShotHashValue":"35a5b67811092a0575d74148cf0315e7"}],["C:\\Users\\n035029\\DevEcoStudioProjects\\MyApplication14\\entry\\build-profile.json5",{"fileSnapShotHashValue":"516a4d47470214713cd4ec8503425027"}],["C:\\Users\\n035029\\DevEcoStudioProjects\\MyApplication14\\entry\\src\\main\\resources\\base\\profile\\main_pages.json",{"fileSnapShotHashValue":"24671f0158e7f2433730a1c326c875c3"}],["C:\\Users\\n035029\\DevEcoStudioProjects\\MyApplication14\\hvigor\\hvigor-config.json5",{"isDirectory":true,"fileSnapShotHashValue":"338ceee65ab7c0969a41911b646dae82"}],["C:\\Users\\n035029\\DevEcoStudioProjects\\MyApplication14\\entry\\src\\mock\\mock-config.json5",{"isDirectory":false,"fileSnapShotHashValue":"f3cd4e8de3849781ba33a263f0e2d649"}],["C:\\Users\\n035029\\DevEcoStudioProjects\\MyApplication14\\entry\\oh-package.json5",{"fileSnapShotHashValue":"0a9087bd79e4783266eea6c7beba7f17"}]]},"_outputFiles":{"dataType":"Map","value":[]}},":MyApplication14:entry:default@GenerateMetadata":{"_inputs":[{"dataType":"ValueEntry","value":"{\"_name\":\"BUILTIN_TASK_COMMAND\",\"_value\":\"\",\"_valueType\":\"string\",\"_hash\":\"0b5d05294fdf4e78e8482ef53eb64ac0\"}"},{"dataType":"ValueEntry","value":"{\"_name\":\"BUILTIN_TASK_ENV\",\"_value\":\"\",\"_valueType\":\"string\",\"_hash\":\"cdcdc2ec8062ca9ec1de46dbf2bbc053\"}"},{"dataType":"ValueEntry","value":"{\"_name\":\"BUILTIN_TASK_TOOLCHAIN\",\"_value\":\"\",\"_valueType\":\"string\",\"_hash\":\"e7f94a9422a8bc317a7d90b58efcb5f6\"}"},{"dataType":"ValueEntry","value":"{\"_name\":\"enableSignTask\",\"_value\":true,\"_valueType\":\"boolean\",\"_hash\":\"910298825388ce24c00cb3c1aeb80caa\"}"},{"dataType":"ValueEntry","value":"{\"_name\":\"entryModules\",\"_value\":[],\"_valueType\":\"object\",\"_hash\":\"aea18c73616ef065de1f5734ffcfeacd\"}"},{"dataType":"ValueEntry","value":"{\"_name\":\"existMaterial\",\"_value\":true,\"_valueType\":\"boolean\",\"_hash\":\"93dc57ba6785b4754ab913cd6a94a2d4\"}"},{"dataType":"ValueEntry","value":"{\"_name\":\"existSigningConfig\",\"_value\":true,\"_valueType\":\"boolean\",\"_hash\":\"0a625026bbf59499155e2fd8a2f97c6e\"}"},{"dataType":"ValueEntry","value":"{\"_name\":\"moduleDeviceType\",\"_value\":[\"default\"],\"_valueType\":\"object\",\"_hash\":\"58b6abb558f33590aadb845361245f58\"}"},{"dataType":"ValueEntry","value":"{\"_name\":\"product\",\"_value\":\"default\",\"_valueType\":\"string\",\"_hash\":\"c78efd675257060e500cc4a185c4a166\"}"},{"dataType":"ValueEntry","value":"{\"_name\":\"remoteHspMetaData\",\"_value\":\"[]\",\"_valueType\":\"string\",\"_hash\":\"fffcc18f8eeb1302f12da1df6e84ae44\"}"},{"dataType":"ValueEntry","value":"{\"_name\":\"sdkToolchainsComponentVersion\",\"_value\":\"5.0.0.71\",\"_valueType\":\"string\",\"_hash\":\"119f7d6df90eed3eb0291221796337ff\"}"},{"dataType":"ValueEntry","value":"{\"_name\":\"signingConfig_keyAlias\",\"_value\":\"debugKey\",\"_valueType\":\"string\",\"_hash\":\"4c07b0ee3239f12b1e68b46f50f552cb\"}"},{"dataType":"ValueEntry","value":"{\"_name\":\"signingConfig_keyPassword\",\"_value\":\"0000001AB1439CCBBBD595F9C820F145899E4B38037F48C69DBAD850D7FF0E13F2EB4D765435E4BAE4FE\",\"_valueType\":\"string\",\"_hash\":\"8acdc16ad7a99035d3ddd8deb5f7a357\"}"},{"dataType":"ValueEntry","value":"{\"_name\":\"signingConfig_name\",\"_value\":\"default\",\"_valueType\":\"string\",\"_hash\":\"8b60e376556ce51d68b5485c5f79822c\"}"},{"dataType":"ValueEntry","value":"{\"_name\":\"signingConfig_signAlg\",\"_value\":\"SHA256withECDSA\",\"_valueType\":\"string\",\"_hash\":\"6914b6129327418a0e5596a96e0d04c2\"}"},{"dataType":"ValueEntry","value":"{\"_name\":\"signingConfig_storePassword\",\"_value\":\"0000001ABB650B227A93C0BE632D88544A2A2B75456D774C3D6E59C63CE166B9B585F3810436336EAC72\",\"_valueType\":\"string\",\"_hash\":\"fe7ae22786ad341cbba096f630d60589\"}"},{"dataType":"ValueEntry","value":"{\"_name\":\"signingConfig_type\",\"_value\":\"\",\"_valueType\":\"string\",\"_hash\":\"944106f0307ce4183991994143e7c2d4\"}"},{"dataType":"ValueEntry","value":"{\"_name\":\"targetConfig\",\"_value\":\"{\\\"name\\\":\\\"default\\\"}\",\"_valueType\":\"string\",\"_hash\":\"44f0c01d44e2bbf4013c5bb1f232e1fe\"}"}],"_successful":true,"_projectName":"MyApplication14","_moduleName":"entry","_taskName":"default@GenerateMetadata","_key":":MyApplication14:entry:default@GenerateMetadata","_executionId":":MyApplication14:entry:default@GenerateMetadata:1736336788567","_inputFiles":{"dataType":"Map","value":[["C:\\Users\\n035029\\DevEcoStudioProjects\\MyApplication14\\entry\\src\\main\\module.json5",{"fileSnapShotHashValue":"4eaad8ddb6329c34d1dc0fc4ec745b8b"}]]},"_outputFiles":{"dataType":"Map","value":[["C:\\Users\\n035029\\DevEcoStudioProjects\\MyApplication14\\entry\\build\\default\\intermediates\\hap_metadata\\default\\output_metadata.json",{"fileSnapShotHashValue":"9c25777bb1af1af7fa62478ce5d247cb"}]]}},":MyApplication14:entry:default@MergeProfile":{"_inputs":[{"dataType":"ValueEntry","value":"{\"_name\":\"BUILTIN_TASK_COMMAND\",\"_value\":\"\",\"_valueType\":\"string\",\"_hash\":\"0b5d05294fdf4e78e8482ef53eb64ac0\"}"},{"dataType":"ValueEntry","value":"{\"_name\":\"BUILTIN_TASK_ENV\",\"_value\":\"\",\"_valueType\":\"string\",\"_hash\":\"cdcdc2ec8062ca9ec1de46dbf2bbc053\"}"},{"dataType":"ValueEntry","value":"{\"_name\":\"BUILTIN_TASK_TOOLCHAIN\",\"_value\":\"\",\"_valueType\":\"string\",\"_hash\":\"e7f94a9422a8bc317a7d90b58efcb5f6\"}"},{"dataType":"ValueEntry","value":"{\"_name\":\"appJsonOpt\",\"_value\":\"{\\\"app\\\":{\\\"bundleName\\\":\\\"com.example.screencapture\\\",\\\"vendor\\\":\\\"example\\\",\\\"versionCode\\\":1000000,\\\"versionName\\\":\\\"1.0.0\\\",\\\"icon\\\":\\\"$media:app_icon\\\",\\\"label\\\":\\\"$string:app_name\\\"}}\",\"_valueType\":\"string\",\"_hash\":\"698b48be4ed06ddfa17c5db27ce3a3c6\"}"},{"dataType":"ValueEntry","value":"{\"_name\":\"asanEnable\",\"_value\":false,\"_valueType\":\"boolean\",\"_hash\":\"bc2129ba20a21b7e5234139ede1b4d7b\"}"},{"dataType":"ValueEntry","value":"{\"_name\":\"buildProfileAbilities\",\"_valueType\":\"undefined\",\"_hash\":\"40d5093f345351dd6d67ce5d6a209345\"}"},{"dataType":"ValueEntry","value":"{\"_name\":\"buildRoot\",\"_value\":\"build\",\"_valueType\":\"string\",\"_hash\":\"4c2dd7bb7507f74001ec27f2936db7f9\"}"},{"dataType":"ValueEntry","value":"{\"_name\":\"compatibleSdkVersion\",\"_value\":12,\"_valueType\":\"number\",\"_hash\":\"3c48b1937556f5c7e1ff0b2e0af0184f\"}"},{"dataType":"ValueEntry","value":"{\"_name\":\"integratedHsp\",\"_value\":false,\"_valueType\":\"boolean\",\"_hash\":\"e67900c25b1f9fb70cc779de77dc6912\"}"},{"dataType":"ValueEntry","value":"{\"_name\":\"isBundledDependencies\",\"_value\":false,\"_valueType\":\"boolean\",\"_hash\":\"a69aa552317c7a6e087cb84a5722e050\"}"},{"dataType":"ValueEntry","value":"{\"_name\":\"isDebug\",\"_value\":true,\"_valueType\":\"boolean\",\"_hash\":\"edbf05a2d2be2c385e75d9565a48d419\"}"},{"dataType":"ValueEntry","value":"{\"_name\":\"isHarModule\",\"_value\":false,\"_valueType\":\"boolean\",\"_hash\":\"a15b7a3ed818faa99a4a10d67f52cb72\"}"},{"dataType":"ValueEntry","value":"{\"_name\":\"moduleJsonOpt\",\"_value\":\"{\\\"module\\\":{\\\"name\\\":\\\"entry\\\",\\\"type\\\":\\\"entry\\\",\\\"description\\\":\\\"$string:module_desc\\\",\\\"mainElement\\\":\\\"EntryAbility\\\",\\\"deviceTypes\\\":[\\\"default\\\"],\\\"deliveryWithInstall\\\":true,\\\"installationFree\\\":false,\\\"pages\\\":\\\"$profile:main_pages\\\",\\\"requestPermissions\\\":[{\\\"name\\\":\\\"ohos.permission.CAPTURE_SCREEN\\\"},{\\\"name\\\":\\\"ohos.permission.MICROPHONE\\\",\\\"reason\\\":\\\"$string:mic_permission_reason\\\",\\\"usedScene\\\":{\\\"abilities\\\":[\\\"EntryAbility\\\"],\\\"when\\\":\\\"inuse\\\"}}],\\\"abilities\\\":[{\\\"name\\\":\\\"EntryAbility\\\",\\\"srcEntry\\\":\\\"./ets/entryability/EntryAbility.ets\\\",\\\"description\\\":\\\"$string:EntryAbility_desc\\\",\\\"icon\\\":\\\"$media:layered_image\\\",\\\"label\\\":\\\"$string:EntryAbility_label\\\",\\\"startWindowIcon\\\":\\\"$media:startIcon\\\",\\\"startWindowBackground\\\":\\\"$color:start_window_background\\\",\\\"exported\\\":true,\\\"skills\\\":[{\\\"entities\\\":[\\\"entity.system.home\\\"],\\\"actions\\\":[\\\"action.system.home\\\"]}]}],\\\"extensionAbilities\\\":[{\\\"name\\\":\\\"EntryBackupAbility\\\",\\\"srcEntry\\\":\\\"./ets/entrybackupability/EntryBackupAbility.ets\\\",\\\"type\\\":\\\"backup\\\",\\\"exported\\\":false,\\\"metadata\\\":[{\\\"name\\\":\\\"ohos.extension.backup\\\",\\\"resource\\\":\\\"$profile:backup_config\\\"}]}]}}\",\"_valueType\":\"string\",\"_hash\":\"932d12ada00880a49b8c324310dee873\"}"},{"dataType":"ValueEntry","value":"{\"_name\":\"multiProjects\",\"_value\":false,\"_valueType\":\"boolean\",\"_hash\":\"555604752defc243b4e4c55d1549fc06\"}"},{"dataType":"ValueEntry","value":"{\"_name\":\"projectConfigAppOpt\",\"_valueType\":\"undefined\",\"_hash\":\"b52997704fa206ed96a13a1f2e464a85\"}"},{"dataType":"ValueEntry","value":"{\"_name\":\"releaseType\",\"_value\":\"Release\",\"_valueType\":\"string\",\"_hash\":\"bbcabdda034e97584f8c36f85b3ec517\"}"},{"dataType":"ValueEntry","value":"{\"_name\":\"targetSdkVersion\",\"_value\":12,\"_valueType\":\"number\",\"_hash\":\"94972355fc6ee8e90cfba1a7db4cf5db\"}"},{"dataType":"ValueEntry","value":"{\"_name\":\"tsanEnable\",\"_value\":false,\"_valueType\":\"boolean\",\"_hash\":\"086cac69f102cdd9ee25e54982ad7b76\"}"}],"_successful":true,"_projectName":"MyApplication14","_moduleName":"entry","_taskName":"default@MergeProfile","_key":":MyApplication14:entry:default@MergeProfile","_executionId":":MyApplication14:entry:default@MergeProfile:1736336788583","_inputFiles":{"dataType":"Map","value":[["C:\\Users\\n035029\\DevEcoStudioProjects\\MyApplication14\\AppScope\\app.json5",{"fileSnapShotHashValue":"fd3bb7ccba55b876e222873a91e76740"}],["C:\\Users\\n035029\\DevEcoStudioProjects\\MyApplication14\\build-profile.json5",{"fileSnapShotHashValue":"35a5b67811092a0575d74148cf0315e7"}],["C:\\Users\\n035029\\DevEcoStudioProjects\\MyApplication14\\entry\\src\\main\\module.json5",{"fileSnapShotHashValue":"4eaad8ddb6329c34d1dc0fc4ec745b8b"}]]},"_outputFiles":{"dataType":"Map","value":[["C:\\Users\\n035029\\DevEcoStudioProjects\\MyApplication14\\entry\\build\\default\\intermediates\\merge_profile\\default\\module.json",{"fileSnapShotHashValue":"d550596708a1a167501e04c77e503976"}]]}},":MyApplication14:entry:default@CreateBuildProfile":{"_inputs":[{"dataType":"ValueEntry","value":"{\"_name\":\"BUILTIN_TASK_COMMAND\",\"_value\":\"\",\"_valueType\":\"string\",\"_hash\":\"0b5d05294fdf4e78e8482ef53eb64ac0\"}"},{"dataType":"ValueEntry","value":"{\"_name\":\"BUILTIN_TASK_ENV\",\"_value\":\"\",\"_valueType\":\"string\",\"_hash\":\"cdcdc2ec8062ca9ec1de46dbf2bbc053\"}"},{"dataType":"ValueEntry","value":"{\"_name\":\"BUILTIN_TASK_TOOLCHAIN\",\"_value\":\"\",\"_valueType\":\"string\",\"_hash\":\"e7f94a9422a8bc317a7d90b58efcb5f6\"}"},{"dataType":"ValueEntry","value":"{\"_name\":\"buildMode\",\"_value\":\"Debug\",\"_valueType\":\"string\",\"_hash\":\"8120d22ada0d6de22b101e1f4ea16e81\"}"},{"dataType":"ValueEntry","value":"{\"_name\":\"buildModeName\",\"_value\":\"debug\",\"_valueType\":\"string\",\"_hash\":\"3f0246ea410fd9efa9fc7196cca045e3\"}"},{"dataType":"ValueEntry","value":"{\"_name\":\"projectOhosConfigAppOpt\",\"_valueType\":\"undefined\",\"_hash\":\"d55b976f16f2e6ec7261b64755922538\"}"}],"_successful":true,"_projectName":"MyApplication14","_moduleName":"entry","_taskName":"default@CreateBuildProfile","_key":":MyApplication14:entry:default@CreateBuildProfile","_executionId":":MyApplication14:entry:default@CreateBuildProfile:1736336788589","_inputFiles":{"dataType":"Map","value":[["C:\\Users\\n035029\\DevEcoStudioProjects\\MyApplication14\\AppScope\\app.json5",{"fileSnapShotHashValue":"fd3bb7ccba55b876e222873a91e76740"}],["C:\\Users\\n035029\\DevEcoStudioProjects\\MyApplication14\\build-profile.json5",{"fileSnapShotHashValue":"35a5b67811092a0575d74148cf0315e7"}]]},"_outputFiles":{"dataType":"Map","value":[["C:\\Users\\n035029\\DevEcoStudioProjects\\MyApplication14\\entry\\build\\default\\generated\\profile\\default\\BuildProfile.ets",{"fileSnapShotHashValue":"cc3a27c08e71ac3f81da07bbfec46853"}]]}},":MyApplication14:entry:default@ProcessIntegratedHsp":{"_inputs":[{"dataType":"ValueEntry","value":"{\"_name\":\"BUILTIN_TASK_COMMAND\",\"_value\":\"\",\"_valueType\":\"string\"}"},{"dataType":"ValueEntry","value":"{\"_name\":\"BUILTIN_TASK_TOOLCHAIN\",\"_value\":\"\",\"_valueType\":\"string\"}"},{"dataType":"ValueEntry","value":"{\"_name\":\"BUILTIN_TASK_ENV\",\"_value\":\"\",\"_valueType\":\"string\"}"}],"_successful":true,"_projectName":"MyApplication14","_moduleName":"entry","_taskName":"default@ProcessIntegratedHsp","_key":":MyApplication14:entry:default@ProcessIntegratedHsp","_executionId":":MyApplication14:entry:default@ProcessIntegratedHsp:1736424928904","_inputFiles":{"dataType":"Map","value":[]},"_outputFiles":{"dataType":"Map","value":[["C:\\Users\\n035029\\DevEcoStudioProjects\\MyApplication14\\build\\cache\\default\\integrated_hsp\\integratedHspCache.json",{"isDirectory":false,"fileSnapShotHashValue":""}]]}},":MyApplication14:entry:default@MakePackInfo":{"_inputs":[{"dataType":"ValueEntry","value":"{\"_name\":\"BUILTIN_TASK_COMMAND\",\"_value\":\"\",\"_valueType\":\"string\",\"_hash\":\"0b5d05294fdf4e78e8482ef53eb64ac0\"}"},{"dataType":"ValueEntry","value":"{\"_name\":\"BUILTIN_TASK_ENV\",\"_value\":\"\",\"_valueType\":\"string\",\"_hash\":\"cdcdc2ec8062ca9ec1de46dbf2bbc053\"}"},{"dataType":"ValueEntry","value":"{\"_name\":\"BUILTIN_TASK_TOOLCHAIN\",\"_value\":\"\",\"_valueType\":\"string\",\"_hash\":\"e7f94a9422a8bc317a7d90b58efcb5f6\"}"},{"dataType":"ValueEntry","value":"{\"_name\":\"appResOpt\",\"_value\":\"{\\\"app\\\":{\\\"bundleName\\\":\\\"com.example.screencapture\\\",\\\"vendor\\\":\\\"example\\\",\\\"versionCode\\\":1000000,\\\"versionName\\\":\\\"1.0.0\\\",\\\"icon\\\":\\\"$media:app_icon\\\",\\\"label\\\":\\\"$string:app_name\\\"}}\",\"_valueType\":\"string\",\"_hash\":\"54e6925195a4d1c6e4672b3306cafecc\"}"},{"dataType":"ValueEntry","value":"{\"_name\":\"compatibleSdkVersion\",\"_value\":12,\"_valueType\":\"number\",\"_hash\":\"3c48b1937556f5c7e1ff0b2e0af0184f\"}"},{"dataType":"ValueEntry","value":"{\"_name\":\"compileSdkVersion\",\"_value\":12,\"_valueType\":\"number\",\"_hash\":\"56b3e38757636db61170725108e621dc\"}"},{"dataType":"ValueEntry","value":"{\"_name\":\"deviceTypes\",\"_value\":[\"default\"],\"_valueType\":\"object\",\"_hash\":\"a011e14018d30eaaa9aadcb99f2c07e3\"}"},{"dataType":"ValueEntry","value":"{\"_name\":\"integratedHsp\",\"_value\":false,\"_valueType\":\"boolean\",\"_hash\":\"e67900c25b1f9fb70cc779de77dc6912\"}"},{"dataType":"ValueEntry","value":"{\"_name\":\"moduleJsonOpt\",\"_value\":\"{\\\"module\\\":{\\\"name\\\":\\\"entry\\\",\\\"type\\\":\\\"entry\\\",\\\"description\\\":\\\"$string:module_desc\\\",\\\"mainElement\\\":\\\"EntryAbility\\\",\\\"deviceTypes\\\":[\\\"default\\\"],\\\"deliveryWithInstall\\\":true,\\\"pages\\\":\\\"$profile:main_pages\\\",\\\"requestPermissions\\\":[{\\\"name\\\":\\\"ohos.permission.CAPTURE_SCREEN\\\"},{\\\"name\\\":\\\"ohos.permission.MICROPHONE\\\",\\\"reason\\\":\\\"$string:mic_permission_reason\\\",\\\"usedScene\\\":{\\\"abilities\\\":[\\\"EntryAbility\\\"],\\\"when\\\":\\\"inuse\\\"}}],\\\"abilities\\\":[{\\\"name\\\":\\\"EntryAbility\\\",\\\"srcEntry\\\":\\\"./ets/entryability/EntryAbility.ets\\\",\\\"description\\\":\\\"$string:EntryAbility_desc\\\",\\\"icon\\\":\\\"$media:layered_image\\\",\\\"label\\\":\\\"$string:EntryAbility_label\\\",\\\"startWindowIcon\\\":\\\"$media:startIcon\\\",\\\"startWindowBackground\\\":\\\"$color:start_window_background\\\",\\\"exported\\\":true,\\\"skills\\\":[{\\\"entities\\\":[\\\"entity.system.home\\\"],\\\"actions\\\":[\\\"action.system.home\\\"]}]}],\\\"extensionAbilities\\\":[{\\\"name\\\":\\\"EntryBackupAbility\\\",\\\"srcEntry\\\":\\\"./ets/entrybackupability/EntryBackupAbility.ets\\\",\\\"type\\\":\\\"backup\\\",\\\"exported\\\":false,\\\"metadata\\\":[{\\\"name\\\":\\\"ohos.extension.backup\\\",\\\"resource\\\":\\\"$profile:backup_config\\\"}]}]}}\",\"_valueType\":\"string\",\"_hash\":\"a7dd4c4d63a72ab5a482d96f5c35882c\"}"},{"dataType":"ValueEntry","value":"{\"_name\":\"projectConfigAppOpt\",\"_valueType\":\"undefined\",\"_hash\":\"b52997704fa206ed96a13a1f2e464a85\"}"},{"dataType":"ValueEntry","value":"{\"_name\":\"releaseType\",\"_value\":\"Release\",\"_valueType\":\"string\",\"_hash\":\"bbcabdda034e97584f8c36f85b3ec517\"}"}],"_successful":true,"_projectName":"MyApplication14","_moduleName":"entry","_taskName":"default@MakePackInfo","_key":":MyApplication14:entry:default@MakePackInfo","_executionId":":MyApplication14:entry:default@MakePackInfo:1736336788654","_inputFiles":{"dataType":"Map","value":[["C:\\Users\\n035029\\DevEcoStudioProjects\\MyApplication14\\AppScope\\app.json5",{"fileSnapShotHashValue":"fd3bb7ccba55b876e222873a91e76740"}],["C:\\Users\\n035029\\DevEcoStudioProjects\\MyApplication14\\entry\\src\\main\\module.json5",{"fileSnapShotHashValue":"4eaad8ddb6329c34d1dc0fc4ec745b8b"}],["C:\\Users\\n035029\\DevEcoStudioProjects\\MyApplication14\\build-profile.json5",{"fileSnapShotHashValue":"35a5b67811092a0575d74148cf0315e7"}],["C:\\Users\\n035029\\DevEcoStudioProjects\\MyApplication14\\entry\\src\\main\\resources\\base\\profile\\backup_config.json",{"fileSnapShotHashValue":"8bb75e68082406a2a27ddcbf7bb3f68d"}]]},"_outputFiles":{"dataType":"Map","value":[["C:\\Users\\n035029\\DevEcoStudioProjects\\MyApplication14\\entry\\build\\default\\outputs\\default\\pack.info",{"fileSnapShotHashValue":"91bf952679fed13380a6fb04b6bd22b9"}]]}},":MyApplication14:entry:default@ProcessProfile":{"_inputs":[{"dataType":"ValueEntry","value":"{\"_name\":\"BUILTIN_TASK_COMMAND\",\"_value\":\"\",\"_valueType\":\"string\",\"_hash\":\"0b5d05294fdf4e78e8482ef53eb64ac0\"}"},{"dataType":"ValueEntry","value":"{\"_name\":\"BUILTIN_TASK_ENV\",\"_value\":\"\",\"_valueType\":\"string\",\"_hash\":\"cdcdc2ec8062ca9ec1de46dbf2bbc053\"}"},{"dataType":"ValueEntry","value":"{\"_name\":\"BUILTIN_TASK_TOOLCHAIN\",\"_value\":\"\",\"_valueType\":\"string\",\"_hash\":\"e7f94a9422a8bc317a7d90b58efcb5f6\"}"},{"dataType":"ValueEntry","value":"{\"_name\":\"arkEnable\",\"_value\":true,\"_valueType\":\"boolean\",\"_hash\":\"750b4bda198545a67903dfb3f6a00a95\"}"},{"dataType":"ValueEntry","value":"{\"_name\":\"compatibleSdkVersionStage\",\"_value\":\"beta1\",\"_valueType\":\"string\",\"_hash\":\"e588408901fe47899eadeda64a5c41fb\"}"},{"dataType":"ValueEntry","value":"{\"_name\":\"compileMode\",\"_value\":\"esmodule\",\"_valueType\":\"string\",\"_hash\":\"dacafc8e0b77a950178a0b4d142dc32c\"}"},{"dataType":"ValueEntry","value":"{\"_name\":\"dependency\",\"_value\":\"[]\",\"_valueType\":\"string\",\"_hash\":\"ac54f3d4ced2d4c1d666d40e4f7c454a\"}"},{"dataType":"ValueEntry","value":"{\"_name\":\"deviceTypes\",\"_value\":[\"default\"],\"_valueType\":\"object\",\"_hash\":\"a011e14018d30eaaa9aadcb99f2c07e3\"}"}],"_successful":true,"_projectName":"MyApplication14","_moduleName":"entry","_taskName":"default@ProcessProfile","_key":":MyApplication14:entry:default@ProcessProfile","_executionId":":MyApplication14:entry:default@ProcessProfile:1736336788661","_inputFiles":{"dataType":"Map","value":[["C:\\Users\\n035029\\DevEcoStudioProjects\\MyApplication14\\entry\\build\\default\\intermediates\\merge_profile\\default\\module.json",{"fileSnapShotHashValue":"d550596708a1a167501e04c77e503976"}]]},"_outputFiles":{"dataType":"Map","value":[["C:\\Users\\n035029\\DevEcoStudioProjects\\MyApplication14\\entry\\build\\default\\intermediates\\process_profile\\default\\module.json",{"fileSnapShotHashValue":"f5b85acf8ca651cea2eee460ce6eb6b0"}]]}},":MyApplication14:entry:default@SyscapTransform":{"_inputs":[{"dataType":"ValueEntry","value":"{\"_name\":\"BUILTIN_TASK_COMMAND\",\"_value\":\"\",\"_valueType\":\"string\",\"_hash\":\"0b5d05294fdf4e78e8482ef53eb64ac0\"}"},{"dataType":"ValueEntry","value":"{\"_name\":\"BUILTIN_TASK_ENV\",\"_value\":\"\",\"_valueType\":\"string\",\"_hash\":\"cdcdc2ec8062ca9ec1de46dbf2bbc053\"}"},{"dataType":"ValueEntry","value":"{\"_name\":\"BUILTIN_TASK_TOOLCHAIN\",\"_value\":\"\",\"_valueType\":\"string\",\"_hash\":\"e7f94a9422a8bc317a7d90b58efcb5f6\"}"},{"dataType":"ValueEntry","value":"{\"_name\":\"deviceTypes\",\"_value\":[\"default\"],\"_valueType\":\"object\",\"_hash\":\"a011e14018d30eaaa9aadcb99f2c07e3\"}"}],"_successful":true,"_projectName":"MyApplication14","_moduleName":"entry","_taskName":"default@SyscapTransform","_key":":MyApplication14:entry:default@SyscapTransform","_executionId":":MyApplication14:entry:default@SyscapTransform:1736335913660","_inputFiles":{"dataType":"Map","value":[["C:\\Users\\n035029\\AppData\\Local\\OpenHarmony\\Sdk\\12\\toolchains\\syscap_tool.exe",{"fileSnapShotHashValue":"240cf21edce30c52d84468fef7e33dd5"}],["C:\\Users\\n035029\\AppData\\Local\\OpenHarmony\\Sdk\\12\\ets\\api\\device-define",{"fileSnapShotHashValue":"37fb4c41684b586d98dc402ac41880af"}]]},"_outputFiles":{"dataType":"Map","value":[["C:\\Users\\n035029\\DevEcoStudioProjects\\MyApplication14\\entry\\build\\default\\intermediates\\syscap\\default\\rpcid.sc",{"fileSnapShotHashValue":"a0102615658e94044658523cf823e91c"}]]}},":MyApplication14:entry:default@GeneratePkgContextInfo":{"_inputs":[{"dataType":"ValueEntry","value":"{\"_name\":\"BUILTIN_TASK_COMMAND\",\"_value\":\"\",\"_valueType\":\"string\",\"_hash\":\"0b5d05294fdf4e78e8482ef53eb64ac0\"}"},{"dataType":"ValueEntry","value":"{\"_name\":\"BUILTIN_TASK_ENV\",\"_value\":\"\",\"_valueType\":\"string\",\"_hash\":\"cdcdc2ec8062ca9ec1de46dbf2bbc053\"}"},{"dataType":"ValueEntry","value":"{\"_name\":\"BUILTIN_TASK_TOOLCHAIN\",\"_value\":\"\",\"_valueType\":\"string\",\"_hash\":\"e7f94a9422a8bc317a7d90b58efcb5f6\"}"},{"dataType":"ValueEntry","value":"{\"_name\":\"pkgContextInfoMap\",\"_value\":\"{\\\"libentry.so\\\":{\\\"packageName\\\":\\\"libentry.so\\\",\\\"bundleName\\\":\\\"\\\",\\\"moduleName\\\":\\\"\\\",\\\"version\\\":\\\"\\\",\\\"entryPath\\\":\\\"Index\\\",\\\"isSO\\\":true,\\\"dependencyAlias\\\":\\\"\\\"},\\\"@ohos/hypium\\\":{\\\"packageName\\\":\\\"@ohos/hypium\\\",\\\"bundleName\\\":\\\"\\\",\\\"moduleName\\\":\\\"\\\",\\\"version\\\":\\\"1.0.19\\\",\\\"entryPath\\\":\\\"index.js\\\",\\\"isSO\\\":false,\\\"dependencyAlias\\\":\\\"\\\"},\\\"@ohos/hamock\\\":{\\\"packageName\\\":\\\"@ohos/hamock\\\",\\\"bundleName\\\":\\\"\\\",\\\"moduleName\\\":\\\"\\\",\\\"version\\\":\\\"1.0.0\\\",\\\"entryPath\\\":\\\"index.ets\\\",\\\"isSO\\\":false,\\\"dependencyAlias\\\":\\\"\\\"},\\\"entry\\\":{\\\"packageName\\\":\\\"entry\\\",\\\"bundleName\\\":\\\"\\\",\\\"moduleName\\\":\\\"\\\",\\\"version\\\":\\\"\\\",\\\"entryPath\\\":\\\"src/main/\\\",\\\"isSO\\\":false,\\\"dependencyAlias\\\":\\\"\\\"}}\",\"_valueType\":\"string\",\"_hash\":\"166ffcb4466e4478d2042135c7925ddf\"}"},{"dataType":"ValueEntry","value":"{\"_name\":\"useNormalizedOHMUrl\",\"_value\":true,\"_valueType\":\"boolean\",\"_hash\":\"05eabcf12e6fe230e579e0fd37679db6\"}"}],"_successful":true,"_projectName":"MyApplication14","_moduleName":"entry","_taskName":"default@GeneratePkgContextInfo","_key":":MyApplication14:entry:default@GeneratePkgContextInfo","_executionId":":MyApplication14:entry:default@GeneratePkgContextInfo:1736335913699","_inputFiles":{"dataType":"Map","value":[]},"_outputFiles":{"dataType":"Map","value":[["C:\\Users\\n035029\\DevEcoStudioProjects\\MyApplication14\\entry\\build\\default\\intermediates\\loader\\default\\pkgContextInfo.json",{"isDirectory":false,"fileSnapShotHashValue":"898bb0f84e2adf096c349488dbc6884e"}]]}},":MyApplication14:entry:default@ProcessResource":{"_inputs":[{"dataType":"ValueEntry","value":"{\"_name\":\"BUILTIN_TASK_COMMAND\",\"_value\":\"\",\"_valueType\":\"string\",\"_hash\":\"0b5d05294fdf4e78e8482ef53eb64ac0\"}"},{"dataType":"ValueEntry","value":"{\"_name\":\"BUILTIN_TASK_ENV\",\"_value\":\"\",\"_valueType\":\"string\",\"_hash\":\"cdcdc2ec8062ca9ec1de46dbf2bbc053\"}"},{"dataType":"ValueEntry","value":"{\"_name\":\"BUILTIN_TASK_TOOLCHAIN\",\"_value\":\"\",\"_valueType\":\"string\",\"_hash\":\"e7f94a9422a8bc317a7d90b58efcb5f6\"}"},{"dataType":"ValueEntry","value":"{\"_name\":\"C:\\\\Users\\\\n035029\\\\DevEcoStudioProjects\\\\MyApplication14\\\\entry\\\\build\\\\default\\\\intermediates\\\\res\\\\default\\\\opt-compression.json\",\"_value\":\"{\\\"context\\\":{\\\"extensionPath\\\":\\\"\\\"},\\\"compression\\\":{\\\"media\\\":{\\\"enable\\\":false},\\\"filters\\\":[]}}\",\"_valueType\":\"string\",\"_hash\":\"b2b0c2a08c6ddd6f85e11c80db21260f\"}"},{"dataType":"ValueEntry","value":"{\"_name\":\"resConfigJsonContent\",\"_value\":\"{\\\"configPath\\\":\\\"C:\\\\\\\\Users\\\\\\\\n035029\\\\\\\\DevEcoStudioProjects\\\\\\\\MyApplication14\\\\\\\\entry\\\\\\\\build\\\\\\\\default\\\\\\\\intermediates\\\\\\\\process_profile\\\\\\\\default\\\\\\\\module.json\\\",\\\"packageName\\\":\\\"com.example.screencapture\\\",\\\"output\\\":\\\"C:\\\\\\\\Users\\\\\\\\n035029\\\\\\\\DevEcoStudioProjects\\\\\\\\MyApplication14\\\\\\\\entry\\\\\\\\build\\\\\\\\default\\\\\\\\intermediates\\\\\\\\res\\\\\\\\default\\\",\\\"moduleNames\\\":\\\"entry\\\",\\\"ResourceTable\\\":[\\\"C:\\\\\\\\Users\\\\\\\\n035029\\\\\\\\DevEcoStudioProjects\\\\\\\\MyApplication14\\\\\\\\entry\\\\\\\\build\\\\\\\\default\\\\\\\\generated\\\\\\\\r\\\\\\\\default\\\\\\\\ResourceTable.h\\\"],\\\"applicationResource\\\":\\\"C:\\\\\\\\Users\\\\\\\\n035029\\\\\\\\DevEcoStudioProjects\\\\\\\\MyApplication14\\\\\\\\AppScope\\\\\\\\resources\\\",\\\"moduleResources\\\":[\\\"C:\\\\\\\\Users\\\\\\\\n035029\\\\\\\\DevEcoStudioProjects\\\\\\\\MyApplication14\\\\\\\\entry\\\\\\\\src\\\\\\\\main\\\\\\\\resources\\\"],\\\"dependencies\\\":[],\\\"iconCheck\\\":true,\\\"ids\\\":\\\"C:\\\\\\\\Users\\\\\\\\n035029\\\\\\\\DevEcoStudioProjects\\\\\\\\MyApplication14\\\\\\\\entry\\\\\\\\build\\\\\\\\default\\\\\\\\intermediates\\\\\\\\res\\\\\\\\default\\\\\\\\ids_map\\\",\\\"definedIds\\\":\\\"C:\\\\\\\\Users\\\\\\\\n035029\\\\\\\\DevEcoStudioProjects\\\\\\\\MyApplication14\\\\\\\\entry\\\\\\\\build\\\\\\\\default\\\\\\\\intermediates\\\\\\\\res\\\\\\\\default\\\\\\\\ids_map\\\\\\\\id_defined.json\\\"}\",\"_valueType\":\"string\",\"_hash\":\"98bf31b1d0c900889c4cad92b18f86ed\"}"}],"_successful":true,"_projectName":"MyApplication14","_moduleName":"entry","_taskName":"default@ProcessResource","_key":":MyApplication14:entry:default@ProcessResource","_executionId":":MyApplication14:entry:default@ProcessResource:1736335913704","_inputFiles":{"dataType":"Map","value":[]},"_outputFiles":{"dataType":"Map","value":[["C:\\Users\\n035029\\DevEcoStudioProjects\\MyApplication14\\entry\\build\\default\\intermediates\\res\\default\\resConfig.json",{"isDirectory":false,"fileSnapShotHashValue":"25193d39aa55fa6c597fdb512a67b9e4"}],["C:\\Users\\n035029\\DevEcoStudioProjects\\MyApplication14\\entry\\build\\default\\intermediates\\res\\default\\opt-compression.json",{"isDirectory":false,"fileSnapShotHashValue":"e80a24106181e43e540a3eed5a887892"}]]}},":MyApplication14:entry:default@ProcessRouterMap":{"_inputs":[{"dataType":"ValueEntry","value":"{\"_name\":\"BUILTIN_TASK_COMMAND\",\"_value\":\"\",\"_valueType\":\"string\",\"_hash\":\"0b5d05294fdf4e78e8482ef53eb64ac0\"}"},{"dataType":"ValueEntry","value":"{\"_name\":\"BUILTIN_TASK_ENV\",\"_value\":\"\",\"_valueType\":\"string\",\"_hash\":\"cdcdc2ec8062ca9ec1de46dbf2bbc053\"}"},{"dataType":"ValueEntry","value":"{\"_name\":\"BUILTIN_TASK_TOOLCHAIN\",\"_value\":\"\",\"_valueType\":\"string\",\"_hash\":\"e7f94a9422a8bc317a7d90b58efcb5f6\"}"},{"dataType":"ValueEntry","value":"{\"_name\":\"byteCodeHar\",\"_value\":false,\"_valueType\":\"boolean\",\"_hash\":\"1918a3ccb645ccacd0aedd84fc6cf8a4\"}"},{"dataType":"ValueEntry","value":"{\"_name\":\"obfuscated\",\"_value\":true,\"_valueType\":\"boolean\",\"_hash\":\"a69c27b9cf01a6710d3662cfe180239f\"}"},{"dataType":"ValueEntry","value":"{\"_name\":\"useNormalizedOHMUrl\",\"_value\":true,\"_valueType\":\"boolean\",\"_hash\":\"05eabcf12e6fe230e579e0fd37679db6\"}"}],"_successful":true,"_projectName":"MyApplication14","_moduleName":"entry","_taskName":"default@ProcessRouterMap","_key":":MyApplication14:entry:default@ProcessRouterMap","_executionId":":MyApplication14:entry:default@ProcessRouterMap:1736335913712","_inputFiles":{"dataType":"Map","value":[["C:\\Users\\n035029\\DevEcoStudioProjects\\MyApplication14\\entry\\oh-package.json5",{"fileSnapShotHashValue":"0a9087bd79e4783266eea6c7beba7f17"}],["C:\\Users\\n035029\\DevEcoStudioProjects\\MyApplication14\\oh-package.json5",{"fileSnapShotHashValue":"1cc4493ec4076ffa6ac15d6cf71a25db"}],["C:\\Users\\n035029\\DevEcoStudioProjects\\MyApplication14\\entry\\src\\main\\module.json5",{"fileSnapShotHashValue":"4eaad8ddb6329c34d1dc0fc4ec745b8b"}],["C:\\Users\\n035029\\DevEcoStudioProjects\\MyApplication14\\entry\\build\\default\\intermediates\\loader\\default\\pkgContextInfo.json",{"fileSnapShotHashValue":"898bb0f84e2adf096c349488dbc6884e"}]]},"_outputFiles":{"dataType":"Map","value":[["C:\\Users\\n035029\\DevEcoStudioProjects\\MyApplication14\\entry\\build\\default\\intermediates\\router_map\\default\\temp-router-map.json",{"fileSnapShotHashValue":"7f5f3a5ab69b13f5c3e2c095ae661bf8"}],["C:\\Users\\n035029\\DevEcoStudioProjects\\MyApplication14\\entry\\build\\default\\intermediates\\router_map\\default\\loader-router-map.json",{"fileSnapShotHashValue":"35ce63fbc3ac76f4db5553436a4fae70"}]]}},":MyApplication14:entry:default@CompileResource":{"_inputs":[{"dataType":"ValueEntry","value":"{\"_name\":\"BUILTIN_TASK_COMMAND\",\"_value\":\"C:\\\\Users\\\\n035029\\\\AppData\\\\Local\\\\OpenHarmony\\\\Sdk\\\\12\\\\toolchains\\\\restool.exe,-l,C:\\\\Users\\\\n035029\\\\DevEcoStudioProjects\\\\MyApplication14\\\\entry\\\\build\\\\default\\\\intermediates\\\\res\\\\default\\\\resConfig.json\",\"_valueType\":\"string\",\"_hash\":\"5018189be5474769fa4a05ef9218df85\"}"},{"dataType":"ValueEntry","value":"{\"_name\":\"BUILTIN_TASK_ENV\",\"_value\":\"\",\"_valueType\":\"string\",\"_hash\":\"cdcdc2ec8062ca9ec1de46dbf2bbc053\"}"},{"dataType":"ValueEntry","value":"{\"_name\":\"BUILTIN_TASK_TOOLCHAIN\",\"_value\":\"C:\\\\Users\\\\n035029\\\\AppData\\\\Local\\\\OpenHarmony\\\\Sdk\\\\12\\\\toolchains\\\\restool.exe\",\"_valueType\":\"string\",\"_hash\":\"ca65fe3a3bc56d14e4f144ed7551015d\"}"},{"dataType":"ValueEntry","value":"{\"_name\":\"TARGET_CONFIG\",\"_value\":\"{\\\"name\\\":\\\"default\\\"}\",\"_valueType\":\"string\",\"_hash\":\"ebe85c5c20c0e5d9e03bc5dc7135f953\"}"}],"_successful":true,"_projectName":"MyApplication14","_moduleName":"entry","_taskName":"default@CompileResource","_key":":MyApplication14:entry:default@CompileResource","_executionId":":MyApplication14:entry:default@CompileResource:1736336788906","_inputFiles":{"dataType":"Map","value":[["C:\\Users\\n035029\\DevEcoStudioProjects\\MyApplication14\\entry\\src\\main\\resources",{"fileSnapShotHashValue":"7f66493f91bd30e173706ff78db7b407"}],["C:\\Users\\n035029\\DevEcoStudioProjects\\MyApplication14\\AppScope\\resources",{"fileSnapShotHashValue":"3f6b64e23c7d493eba09275a564e051f"}],["C:\\Users\\n035029\\DevEcoStudioProjects\\MyApplication14\\entry\\build\\default\\intermediates\\process_profile\\default\\module.json",{"isDirectory":false,"fileSnapShotHashValue":"f5b85acf8ca651cea2eee460ce6eb6b0"}],["C:\\Users\\n035029\\DevEcoStudioProjects\\MyApplication14\\entry\\build\\default\\intermediates\\res\\default\\resConfig.json",{"isDirectory":false,"fileSnapShotHashValue":"25193d39aa55fa6c597fdb512a67b9e4"}]]},"_outputFiles":{"dataType":"Map","value":[["C:\\Users\\n035029\\DevEcoStudioProjects\\MyApplication14\\entry\\build\\default\\intermediates\\res\\default",{"isDirectory":true,"fileSnapShotHashValue":"a1f979643df99ae1a1fc781c58f5fba5"}],["C:\\Users\\n035029\\DevEcoStudioProjects\\MyApplication14\\entry\\build\\default\\generated\\r\\default\\ResourceTable.h",{"isDirectory":false,"fileSnapShotHashValue":"00254e629876e4ccf65417169ef12b4c"}],["C:\\Users\\n035029\\DevEcoStudioProjects\\MyApplication14\\entry\\build\\default\\generated\\r\\default",{"isDirectory":true,"fileSnapShotHashValue":"dafb9c54553ab7a31f5b154e7e632b84"}]]}},":MyApplication14:entry:default@GenerateLoaderJson":{"_inputs":[{"dataType":"ValueEntry","value":"{\"_name\":\"BUILTIN_TASK_COMMAND\",\"_value\":\"\",\"_valueType\":\"string\",\"_hash\":\"0b5d05294fdf4e78e8482ef53eb64ac0\"}"},{"dataType":"ValueEntry","value":"{\"_name\":\"BUILTIN_TASK_ENV\",\"_value\":\"\",\"_valueType\":\"string\",\"_hash\":\"cdcdc2ec8062ca9ec1de46dbf2bbc053\"}"},{"dataType":"ValueEntry","value":"{\"_name\":\"BUILTIN_TASK_TOOLCHAIN\",\"_value\":\"\",\"_valueType\":\"string\",\"_hash\":\"e7f94a9422a8bc317a7d90b58efcb5f6\"}"},{"dataType":"ValueEntry","value":"{\"_name\":\"anBuildMode\",\"_value\":\"type\",\"_valueType\":\"string\",\"_hash\":\"de241a1eec94a2a622ff1c89f32846a2\"}"},{"dataType":"ValueEntry","value":"{\"_name\":\"apPath\",\"_value\":\"C:\\\\Users\\\\n035029\\\\DevEcoStudioProjects\\\\MyApplication14\\\\entry\\\\modules.ap\",\"_valueType\":\"string\",\"_hash\":\"40bb7626f8b190d26370c279a65b2805\"}"},{"dataType":"ValueEntry","value":"{\"_name\":\"compatibleApiVersion\",\"_value\":12,\"_valueType\":\"number\",\"_hash\":\"b8c1ba3ecddcd8b1be17325fb873c8bc\"}"},{"dataType":"ValueEntry","value":"{\"_name\":\"compileApiVersion\",\"_value\":12,\"_valueType\":\"number\",\"_hash\":\"5bc55d1554c9b9f95bf3de5259c04c8b\"}"},{"dataType":"ValueEntry","value":"{\"_name\":\"compileMode\",\"_value\":\"esmodule\",\"_valueType\":\"string\",\"_hash\":\"dacafc8e0b77a950178a0b4d142dc32c\"}"},{"dataType":"ValueEntry","value":"{\"_name\":\"fallbackAnBuild\",\"_value\":false,\"_valueType\":\"boolean\",\"_hash\":\"a63e98bb3f368ced6ed4d5579ea7ca39\"}"},{"dataType":"ValueEntry","value":"{\"_name\":\"harNameOhmMap\",\"_value\":\"{}\",\"_valueType\":\"string\",\"_hash\":\"0faf006bccbcdc2c7f04ff2d8c87894f\"}"},{"dataType":"ValueEntry","value":"{\"_name\":\"hspNameOhmMap\",\"_value\":\"{}\",\"_valueType\":\"string\",\"_hash\":\"0e2d87e0c1ed279c66bc3efb8683e5d1\"}"},{"dataType":"ValueEntry","value":"{\"_name\":\"isBundledDependencies\",\"_value\":false,\"_valueType\":\"boolean\",\"_hash\":\"a69aa552317c7a6e087cb84a5722e050\"}"},{"dataType":"ValueEntry","value":"{\"_name\":\"isByteCodeHar\",\"_value\":false,\"_valueType\":\"boolean\",\"_hash\":\"c5f9b9e5cabee4253d52d0d01ca64ba2\"}"},{"dataType":"ValueEntry","value":"{\"_name\":\"isFullCompilationEnabled\",\"_value\":true,\"_valueType\":\"boolean\",\"_hash\":\"98b683d049e4e7fc32ef1be5321fe0b6\"}"},{"dataType":"ValueEntry","value":"{\"_name\":\"isHarWithCoverage\",\"_value\":false,\"_valueType\":\"boolean\",\"_hash\":\"7224a86bd9c5f83cb9a1a61584afcfb4\"}"},{"dataType":"ValueEntry","value":"{\"_name\":\"modulePathMap\",\"_value\":\"{\\\"entry\\\":\\\"C:\\\\\\\\Users\\\\\\\\n035029\\\\\\\\DevEcoStudioProjects\\\\\\\\MyApplication14\\\\\\\\entry\\\"}\",\"_valueType\":\"string\",\"_hash\":\"5af0f348bb579f06fbab521eb88aa5b4\"}"},{"dataType":"ValueEntry","value":"{\"_name\":\"module_dependencies\",\"_value\":\"{\\\"libentry.so\\\":\\\"file:./src/main/cpp/types/libentry\\\"}\",\"_valueType\":\"string\",\"_hash\":\"22386bb7a192ebaff1ed0c030431685c\"}"},{"dataType":"ValueEntry","value":"{\"_name\":\"needSubmitArkTsWidget\",\"_value\":false,\"_valueType\":\"boolean\",\"_hash\":\"dc1ab65720a503a3d9098eab280b7116\"}"},{"dataType":"ValueEntry","value":"{\"_name\":\"nodeModulesPath\",\"_value\":\"C:\\\\Users\\\\n035029\\\\DevEcoStudioProjects\\\\MyApplication14\\\\entry\\\\build\\\\default\\\\intermediates\\\\loader_out\\\\default\\\\node_modules\",\"_valueType\":\"string\",\"_hash\":\"a9c169f04b67b5e4614af700c47e403b\"}"},{"dataType":"ValueEntry","value":"{\"_name\":\"overrides\",\"_valueType\":\"undefined\",\"_hash\":\"0e8f66f8eb79c6f33fb153c3fc3942f4\"}"},{"dataType":"ValueEntry","value":"{\"_name\":\"projectRootPath\",\"_value\":\"C:\\\\Users\\\\n035029\\\\DevEcoStudioProjects\\\\MyApplication14\",\"_valueType\":\"string\",\"_hash\":\"9d3f8d08bdcc57c40f9d1f5a7d259ef6\"}"},{"dataType":"ValueEntry","value":"{\"_name\":\"project_dependencies\",\"_value\":\"{}\",\"_valueType\":\"string\",\"_hash\":\"e15496bf1de2273597f444f07f1ca6d5\"}"},{"dataType":"ValueEntry","value":"{\"_name\":\"shouldTreatHarAsHap\",\"_value\":false,\"_valueType\":\"boolean\",\"_hash\":\"24c9a48f68bd9cc73238825ca10c9629\"}"},{"dataType":"ValueEntry","value":"{\"_name\":\"targetConfig\",\"_value\":\"{\\\"name\\\":\\\"default\\\"}\",\"_valueType\":\"string\",\"_hash\":\"44f0c01d44e2bbf4013c5bb1f232e1fe\"}"},{"dataType":"ValueEntry","value":"{\"_name\":\"useNormalizedOHMUrl\",\"_value\":true,\"_valueType\":\"boolean\",\"_hash\":\"05eabcf12e6fe230e579e0fd37679db6\"}"}],"_successful":true,"_projectName":"MyApplication14","_moduleName":"entry","_taskName":"default@GenerateLoaderJson","_key":":MyApplication14:entry:default@GenerateLoaderJson","_executionId":":MyApplication14:entry:default@GenerateLoaderJson:1736389076667","_inputFiles":{"dataType":"Map","value":[["C:\\Users\\n035029\\DevEcoStudioProjects\\MyApplication14\\entry\\src\\mock\\mock-config.json5",{"fileSnapShotHashValue":"f3cd4e8de3849781ba33a263f0e2d649"}],["C:\\Users\\n035029\\DevEcoStudioProjects\\MyApplication14\\entry\\build\\default\\intermediates\\loader\\default\\pkgContextInfo.json",{"fileSnapShotHashValue":"898bb0f84e2adf096c349488dbc6884e"}],["C:\\Users\\n035029\\DevEcoStudioProjects\\MyApplication14\\entry\\build\\default\\intermediates\\router_map\\default\\temp-router-map.json",{"fileSnapShotHashValue":"7f5f3a5ab69b13f5c3e2c095ae661bf8"}]]},"_outputFiles":{"dataType":"Map","value":[["C:\\Users\\n035029\\DevEcoStudioProjects\\MyApplication14\\entry\\build\\default\\intermediates\\loader\\default\\loader.json",{"isDirectory":false,"fileSnapShotHashValue":"4b7a15527da4a209479dc30095a7402a"}]]}},":MyApplication14:entry:default@CompileArkTS":{"_inputs":[{"dataType":"ValueEntry","value":"{\"_name\":\"BUILTIN_TASK_COMMAND\",\"_value\":\"\",\"_valueType\":\"string\",\"_hash\":\"0b5d05294fdf4e78e8482ef53eb64ac0\"}"},{"dataType":"ValueEntry","value":"{\"_name\":\"BUILTIN_TASK_ENV\",\"_value\":\"\",\"_valueType\":\"string\",\"_hash\":\"cdcdc2ec8062ca9ec1de46dbf2bbc053\"}"},{"dataType":"ValueEntry","value":"{\"_name\":\"BUILTIN_TASK_TOOLCHAIN\",\"_value\":\"\",\"_valueType\":\"string\",\"_hash\":\"e7f94a9422a8bc317a7d90b58efcb5f6\"}"},{"dataType":"ValueEntry","value":"{\"_name\":\"OBFUSCATION_ENABLE\",\"_value\":\"undefined\",\"_valueType\":\"string\",\"_hash\":\"ff7227e14d015249a3e7d1c72a6f786b\"}"},{"dataType":"ValueEntry","value":"{\"_name\":\"ark.tsImportSendable\",\"_value\":false,\"_valueType\":\"boolean\",\"_hash\":\"f04f50b7ce70c30751c6005395587e54\"}"},{"dataType":"ValueEntry","value":"{\"_name\":\"arkTsWdiget\",\"_value\":false,\"_valueType\":\"boolean\",\"_hash\":\"b12526953df011fdbb1a10e071b0de01\"}"},{"dataType":"ValueEntry","value":"{\"_name\":\"caseSensitiveCheck\",\"_value\":true,\"_valueType\":\"boolean\",\"_hash\":\"cd175ad918160c0eb1e2f6718fb35229\"}"},{"dataType":"ValueEntry","value":"{\"_name\":\"compatibleSdkVersionStage\",\"_value\":\"beta1\",\"_valueType\":\"string\",\"_hash\":\"e588408901fe47899eadeda64a5c41fb\"}"},{"dataType":"ValueEntry","value":"{\"_name\":\"customTypes\",\"_value\":\"\",\"_valueType\":\"string\",\"_hash\":\"970a2695bffac1c5a4fa283dc36050e3\"}"},{"dataType":"ValueEntry","value":"{\"_name\":\"debuggable\",\"_value\":true,\"_valueType\":\"boolean\",\"_hash\":\"9317e353a3dfc7a50e38661ad8ff5997\"}"},{"dataType":"ValueEntry","value":"{\"_name\":\"isArk\",\"_value\":true,\"_valueType\":\"boolean\",\"_hash\":\"17ecedf2dfb147b839a2b53bbdd3901b\"}"},{"dataType":"ValueEntry","value":"{\"_name\":\"libentry.so\",\"_value\":\"libentry.so: file:./src/main/cpp/types/libentry\",\"_valueType\":\"string\",\"_hash\":\"c35188f257a0c47f38a6222444d2b98a\"}"},{"dataType":"ValueEntry","value":"{\"_name\":\"needCoverageInsert\",\"_value\":false,\"_valueType\":\"boolean\",\"_hash\":\"581186029b4d8239f5770bb9c4a40772\"}"},{"dataType":"ValueEntry","value":"{\"_name\":\"noExternalImportByPath\",\"_value\":true,\"_valueType\":\"boolean\",\"_hash\":\"72d1789966f06925166815a30f329f54\"}"},{"dataType":"ValueEntry","value":"{\"_name\":\"transformLib\",\"_value\":\"\",\"_valueType\":\"string\",\"_hash\":\"7d270d0ce7ae5c6e2e32760cb396ea5a\"}"},{"dataType":"ValueEntry","value":"{\"_name\":\"useNormalizedOHMUrl\",\"_value\":true,\"_valueType\":\"boolean\",\"_hash\":\"05eabcf12e6fe230e579e0fd37679db6\"}"}],"_successful":true,"_projectName":"MyApplication14","_moduleName":"entry","_taskName":"default@CompileArkTS","_key":":MyApplication14:entry:default@CompileArkTS","_executionId":":MyApplication14:entry:default@CompileArkTS:1736389076701","_inputFiles":{"dataType":"Map","value":[["C:\\Users\\n035029\\DevEcoStudioProjects\\MyApplication14\\entry\\build\\default\\intermediates\\loader\\default",{"isDirectory":true,"fileSnapShotHashValue":"4d70ace8b6f3ded219d3591ec66c27c4"}],["C:\\Users\\n035029\\DevEcoStudioProjects\\MyApplication14\\entry\\build\\default\\intermediates\\res\\default\\resources\\rawfile",{"isDirectory":true,"fileSnapShotHashValue":""}],["C:\\Users\\n035029\\DevEcoStudioProjects\\MyApplication14\\entry\\build\\default\\intermediates\\res\\default\\ResourceTable.txt",{"fileSnapShotHashValue":"02153baccd5b414e40c07b9f21798790"}],["C:\\Users\\n035029\\DevEcoStudioProjects\\MyApplication14\\entry\\build\\default\\intermediates\\res\\default\\module.json",{"fileSnapShotHashValue":"dcb17f1d13531a6d3e8ab43ba85cfdb5"}],["C:\\Users\\n035029\\DevEcoStudioProjects\\MyApplication14\\entry\\build\\default\\intermediates\\res\\default\\resources\\base\\profile",{"isDirectory":true,"fileSnapShotHashValue":"5a58cd13c2fe0ebdc6f1fac60a8b6641"}],["C:\\Users\\n035029\\DevEcoStudioProjects\\MyApplication14\\entry\\src\\main\\ets",{"isDirectory":true,"fileSnapShotHashValue":"e3749c225cc0996811b9f2764a9bfcf1"}],["C:\\Users\\n035029\\DevEcoStudioProjects\\MyApplication14\\entry\\build\\default\\intermediates\\loader\\default\\pkgContextInfo.json",{"fileSnapShotHashValue":"898bb0f84e2adf096c349488dbc6884e"}],["C:\\Users\\n035029\\DevEcoStudioProjects\\MyApplication14\\entry\\build\\default\\generated\\profile\\default\\BuildProfile.ets",{"fileSnapShotHashValue":"cc3a27c08e71ac3f81da07bbfec46853"}],["C:\\Users\\n035029\\DevEcoStudioProjects\\MyApplication14\\entry\\src\\main\\cpp\\types",{"isDirectory":true,"fileSnapShotHashValue":"f2fe77bfce7db38aa20a5dab05541703"}],["C:\\Users\\n035029\\DevEcoStudioProjects\\MyApplication14\\entry\\src\\mock\\mock-config.json5",{"isDirectory":false,"fileSnapShotHashValue":"f3cd4e8de3849781ba33a263f0e2d649"}],["C:\\Users\\n035029\\DevEcoStudioProjects\\MyApplication14\\entry\\src\\mock\\Libentry.mock.ets",{"fileSnapShotHashValue":"8aa88bb28c1bf08a52c74b5ddcf93575"}]]},"_outputFiles":{"dataType":"Map","value":[["C:\\Users\\n035029\\DevEcoStudioProjects\\MyApplication14\\entry\\build\\default\\intermediates\\loader_out\\default\\ets",{"isDirectory":true,"fileSnapShotHashValue":"eaa478048fd9633c28bbc7a811e1e70f"}]]}},":MyApplication14:entry:default@BuildJS":{"_inputs":[{"dataType":"ValueEntry","value":"{\"_name\":\"debuggable\",\"_value\":true,\"_valueType\":\"boolean\"}"},{"dataType":"ValueEntry","value":"{\"_name\":\"isArk\",\"_value\":true,\"_valueType\":\"boolean\"}"},{"dataType":"ValueEntry","value":"{\"_name\":\"needCoverageInsert\",\"_value\":false,\"_valueType\":\"boolean\"}"},{"dataType":"ValueEntry","value":"{\"_name\":\"ark.tsImportSendable\",\"_value\":false,\"_valueType\":\"boolean\"}"},{"dataType":"ValueEntry","value":"{\"_name\":\"customTypes\",\"_value\":\"\",\"_valueType\":\"string\"}"},{"dataType":"ValueEntry","value":"{\"_name\":\"libentry.so\",\"_value\":\"libentry.so: file:./src/main/cpp/types/libentry\",\"_valueType\":\"string\"}"},{"dataType":"ValueEntry","value":"{\"_name\":\"caseSensitiveCheck\",\"_value\":true,\"_valueType\":\"boolean\"}"},{"dataType":"ValueEntry","value":"{\"_name\":\"useNormalizedOHMUrl\",\"_value\":true,\"_valueType\":\"boolean\"}"},{"dataType":"ValueEntry","value":"{\"_name\":\"transformLib\",\"_value\":\"\",\"_valueType\":\"string\"}"},{"dataType":"ValueEntry","value":"{\"_name\":\"compatibleSdkVersionStage\",\"_value\":\"beta1\",\"_valueType\":\"string\"}"},{"dataType":"ValueEntry","value":"{\"_name\":\"BUILTIN_TASK_COMMAND\",\"_value\":\"\",\"_valueType\":\"string\"}"},{"dataType":"ValueEntry","value":"{\"_name\":\"BUILTIN_TASK_TOOLCHAIN\",\"_value\":\"\",\"_valueType\":\"string\"}"},{"dataType":"ValueEntry","value":"{\"_name\":\"BUILTIN_TASK_ENV\",\"_value\":\"\",\"_valueType\":\"string\"}"}],"_successful":false,"_projectName":"MyApplication14","_moduleName":"entry","_taskName":"default@BuildJS","_key":":MyApplication14:entry:default@BuildJS","_executionId":":MyApplication14:entry:default@BuildJS:1736424929065","_inputFiles":{"dataType":"Map","value":[["C:\\Users\\n035029\\DevEcoStudioProjects\\MyApplication14\\entry\\build\\default\\intermediates\\loader\\default",{"isDirectory":true,"fileSnapShotHashValue":"4d70ace8b6f3ded219d3591ec66c27c4"}],["C:\\Users\\n035029\\DevEcoStudioProjects\\MyApplication14\\entry\\build\\default\\intermediates\\res\\default\\resources\\rawfile",{"isDirectory":true,"fileSnapShotHashValue":""}],["C:\\Users\\n035029\\DevEcoStudioProjects\\MyApplication14\\entry\\build\\default\\intermediates\\res\\default\\ResourceTable.txt",{"fileSnapShotHashValue":"02153baccd5b414e40c07b9f21798790"}],["C:\\Users\\n035029\\DevEcoStudioProjects\\MyApplication14\\entry\\build\\default\\intermediates\\res\\default\\module.json",{"fileSnapShotHashValue":"dcb17f1d13531a6d3e8ab43ba85cfdb5"}],["C:\\Users\\n035029\\DevEcoStudioProjects\\MyApplication14\\entry\\build\\default\\intermediates\\res\\default\\resources\\base\\profile",{"isDirectory":true,"fileSnapShotHashValue":"5a58cd13c2fe0ebdc6f1fac60a8b6641"}],["C:\\Users\\n035029\\DevEcoStudioProjects\\MyApplication14\\entry\\build\\default\\intermediates\\loader\\default\\pkgContextInfo.json",{"fileSnapShotHashValue":"898bb0f84e2adf096c349488dbc6884e"}]]},"_outputFiles":{"dataType":"Map","value":[["C:\\Users\\n035029\\DevEcoStudioProjects\\MyApplication14\\entry\\build\\default\\intermediates\\loader_out\\default\\js",{"isDirectory":true,"fileSnapShotHashValue":""}]]}},":MyApplication14:entry:default@ProcessLibs":{"_inputs":[{"dataType":"ValueEntry","value":"{\"_name\":\"BUILTIN_TASK_COMMAND\",\"_value\":\"\",\"_valueType\":\"string\",\"_hash\":\"0b5d05294fdf4e78e8482ef53eb64ac0\"}"},{"dataType":"ValueEntry","value":"{\"_name\":\"BUILTIN_TASK_ENV\",\"_value\":\"\",\"_valueType\":\"string\",\"_hash\":\"cdcdc2ec8062ca9ec1de46dbf2bbc053\"}"},{"dataType":"ValueEntry","value":"{\"_name\":\"BUILTIN_TASK_TOOLCHAIN\",\"_value\":\"\",\"_valueType\":\"string\",\"_hash\":\"e7f94a9422a8bc317a7d90b58efcb5f6\"}"},{"dataType":"ValueEntry","value":"{\"_name\":\"arm64-v8a\\\\libc++_shared.so\",\"_value\":\"93fb1ade1d063fca8ecb6bebdbd12b69\",\"_valueType\":\"string\",\"_hash\":\"bf0fa79bf372941b60b10ec93ae61596\"}"},{"dataType":"ValueEntry","value":"{\"_name\":\"arm64-v8a\\\\libentry.so\",\"_value\":\"d543cdbdbf00424cb86d1a87c41ab045\",\"_valueType\":\"string\",\"_hash\":\"8d9c289688c318bd107c55b05970429c\"}"},{"dataType":"ValueEntry","value":"{\"_name\":\"armeabi-v7a\\\\libc++_shared.so\",\"_value\":\"25b70e3314bba606ab7f2c2dc8e38970\",\"_valueType\":\"string\",\"_hash\":\"0d3f04457926d541ae132314053fa709\"}"},{"dataType":"ValueEntry","value":"{\"_name\":\"armeabi-v7a\\\\libentry.so\",\"_value\":\"b2e52a085805ec1e66fe5b3af5a24e92\",\"_valueType\":\"string\",\"_hash\":\"d1a0892b31786fcb023de30a3dd32312\"}"},{"dataType":"ValueEntry","value":"{\"_name\":\"isBundledDependencies\",\"_value\":false,\"_valueType\":\"boolean\",\"_hash\":\"a69aa552317c7a6e087cb84a5722e050\"}"},{"dataType":"ValueEntry","value":"{\"_name\":\"isByteCodeHar\",\"_value\":false,\"_valueType\":\"boolean\",\"_hash\":\"c5f9b9e5cabee4253d52d0d01ca64ba2\"}"}],"_successful":true,"_projectName":"MyApplication14","_moduleName":"entry","_taskName":"default@ProcessLibs","_key":":MyApplication14:entry:default@ProcessLibs","_executionId":":MyApplication14:entry:default@ProcessLibs:1736415640912","_inputFiles":{"dataType":"Map","value":[["C:\\Users\\n035029\\DevEcoStudioProjects\\MyApplication14\\entry\\libs",{"isDirectory":true,"fileSnapShotHashValue":"e2a4c8972fefd2c3d18824a4b1c58ed9"}],["C:\\Users\\n035029\\DevEcoStudioProjects\\MyApplication14\\build-profile.json5",{"fileSnapShotHashValue":"35a5b67811092a0575d74148cf0315e7"}],["C:\\Users\\n035029\\DevEcoStudioProjects\\MyApplication14\\entry\\build-profile.json5",{"fileSnapShotHashValue":"516a4d47470214713cd4ec8503425027"}]]},"_outputFiles":{"dataType":"Map","value":[["C:\\Users\\n035029\\DevEcoStudioProjects\\MyApplication14\\entry\\build\\default\\intermediates\\libs\\default",{"isDirectory":true,"fileSnapShotHashValue":"b576e427fa3efe75eeda8793736acc21"}]]}},":MyApplication14:entry:default@DoNativeStrip":{"_inputs":[{"dataType":"ValueEntry","value":"{\"_name\":\"BUILTIN_TASK_COMMAND\",\"_value\":\"\",\"_valueType\":\"string\",\"_hash\":\"0b5d05294fdf4e78e8482ef53eb64ac0\"}"},{"dataType":"ValueEntry","value":"{\"_name\":\"BUILTIN_TASK_ENV\",\"_value\":\"\",\"_valueType\":\"string\",\"_hash\":\"cdcdc2ec8062ca9ec1de46dbf2bbc053\"}"},{"dataType":"ValueEntry","value":"{\"_name\":\"BUILTIN_TASK_TOOLCHAIN\",\"_value\":\"\",\"_valueType\":\"string\",\"_hash\":\"e7f94a9422a8bc317a7d90b58efcb5f6\"}"}],"_successful":true,"_projectName":"MyApplication14","_moduleName":"entry","_taskName":"default@DoNativeStrip","_key":":MyApplication14:entry:default@DoNativeStrip","_executionId":":MyApplication14:entry:default@DoNativeStrip:1736415640934","_inputFiles":{"dataType":"Map","value":[["C:\\Users\\n035029\\DevEcoStudioProjects\\MyApplication14\\entry\\build\\default\\intermediates\\libs\\default",{"isDirectory":true,"fileSnapShotHashValue":"b576e427fa3efe75eeda8793736acc21"}]]},"_outputFiles":{"dataType":"Map","value":[["C:\\Users\\n035029\\DevEcoStudioProjects\\MyApplication14\\entry\\build\\default\\intermediates\\stripped_native_libs\\default",{"isDirectory":true,"fileSnapShotHashValue":"318ebbb37e80d82fb5345f2680c23487"}]]}},":MyApplication14:entry:default@CacheNativeLibs":{"_inputs":[{"dataType":"ValueEntry","value":"{\"_name\":\"BUILTIN_TASK_COMMAND\",\"_value\":\"\",\"_valueType\":\"string\",\"_hash\":\"0b5d05294fdf4e78e8482ef53eb64ac0\"}"},{"dataType":"ValueEntry","value":"{\"_name\":\"BUILTIN_TASK_ENV\",\"_value\":\"\",\"_valueType\":\"string\",\"_hash\":\"cdcdc2ec8062ca9ec1de46dbf2bbc053\"}"},{"dataType":"ValueEntry","value":"{\"_name\":\"BUILTIN_TASK_TOOLCHAIN\",\"_value\":\"\",\"_valueType\":\"string\",\"_hash\":\"e7f94a9422a8bc317a7d90b58efcb5f6\"}"}],"_successful":true,"_projectName":"MyApplication14","_moduleName":"entry","_taskName":"default@CacheNativeLibs","_key":":MyApplication14:entry:default@CacheNativeLibs","_executionId":":MyApplication14:entry:default@CacheNativeLibs:1736415641070","_inputFiles":{"dataType":"Map","value":[["C:\\Users\\n035029\\DevEcoStudioProjects\\MyApplication14\\entry\\build\\default\\intermediates\\libs\\default",{"isDirectory":true,"fileSnapShotHashValue":"b576e427fa3efe75eeda8793736acc21"}],["C:\\Users\\n035029\\DevEcoStudioProjects\\MyApplication14\\entry\\build\\default\\intermediates\\stripped_native_libs\\default",{"isDirectory":true,"fileSnapShotHashValue":"318ebbb37e80d82fb5345f2680c23487"}]]},"_outputFiles":{"dataType":"Map","value":[["C:\\Users\\n035029\\DevEcoStudioProjects\\MyApplication14\\entry\\build\\default\\intermediates\\patch\\default\\base_native_libs.json",{"isDirectory":false,"fileSnapShotHashValue":"97b233c3ed4986f14e957454a18659e9"}]]}},":MyApplication14:entry:default@GeneratePkgModuleJson":{"_inputs":[{"dataType":"ValueEntry","value":"{\"_name\":\"BUILTIN_TASK_COMMAND\",\"_value\":\"\",\"_valueType\":\"string\",\"_hash\":\"0b5d05294fdf4e78e8482ef53eb64ac0\"}"},{"dataType":"ValueEntry","value":"{\"_name\":\"BUILTIN_TASK_ENV\",\"_value\":\"\",\"_valueType\":\"string\",\"_hash\":\"cdcdc2ec8062ca9ec1de46dbf2bbc053\"}"},{"dataType":"ValueEntry","value":"{\"_name\":\"BUILTIN_TASK_TOOLCHAIN\",\"_value\":\"\",\"_valueType\":\"string\",\"_hash\":\"e7f94a9422a8bc317a7d90b58efcb5f6\"}"}],"_successful":true,"_projectName":"MyApplication14","_moduleName":"entry","_taskName":"default@GeneratePkgModuleJson","_key":":MyApplication14:entry:default@GeneratePkgModuleJson","_executionId":":MyApplication14:entry:default@GeneratePkgModuleJson:1736336794314","_inputFiles":{"dataType":"Map","value":[["C:\\Users\\n035029\\DevEcoStudioProjects\\MyApplication14\\entry\\build\\default\\intermediates\\res\\default\\module.json",{"fileSnapShotHashValue":"dcb17f1d13531a6d3e8ab43ba85cfdb5"}]]},"_outputFiles":{"dataType":"Map","value":[["C:\\Users\\n035029\\DevEcoStudioProjects\\MyApplication14\\entry\\build\\default\\intermediates\\package\\default\\module.json",{"fileSnapShotHashValue":"dcb17f1d13531a6d3e8ab43ba85cfdb5"}]]}},":MyApplication14:entry:default@PackageHap":{"_inputs":[{"dataType":"ValueEntry","value":"{\"_name\":\"BUILTIN_TASK_COMMAND\",\"_value\":\"java,-Dfile.encoding=GBK,-jar,C:\\\\Users\\\\n035029\\\\AppData\\\\Local\\\\OpenHarmony\\\\Sdk\\\\12\\\\toolchains\\\\lib\\\\app_packing_tool.jar,--mode,hap,--force,true,--lib-path,C:\\\\Users\\\\n035029\\\\DevEcoStudioProjects\\\\MyApplication14\\\\entry\\\\build\\\\default\\\\intermediates\\\\stripped_native_libs\\\\default,--json-path,C:\\\\Users\\\\n035029\\\\DevEcoStudioProjects\\\\MyApplication14\\\\entry\\\\build\\\\default\\\\intermediates\\\\package\\\\default\\\\module.json,--resources-path,C:\\\\Users\\\\n035029\\\\DevEcoStudioProjects\\\\MyApplication14\\\\entry\\\\build\\\\default\\\\intermediates\\\\res\\\\default\\\\resources,--index-path,C:\\\\Users\\\\n035029\\\\DevEcoStudioProjects\\\\MyApplication14\\\\entry\\\\build\\\\default\\\\intermediates\\\\res\\\\default\\\\resources.index,--pack-info-path,C:\\\\Users\\\\n035029\\\\DevEcoStudioProjects\\\\MyApplication14\\\\entry\\\\build\\\\default\\\\outputs\\\\default\\\\pack.info,--out-path,C:\\\\Users\\\\n035029\\\\DevEcoStudioProjects\\\\MyApplication14\\\\entry\\\\build\\\\default\\\\outputs\\\\default\\\\entry-default-unsigned.hap,--rpcid-path,C:\\\\Users\\\\n035029\\\\DevEcoStudioProjects\\\\MyApplication14\\\\entry\\\\build\\\\default\\\\intermediates\\\\syscap\\\\default\\\\rpcid.sc,--ets-path,C:\\\\Users\\\\n035029\\\\DevEcoStudioProjects\\\\MyApplication14\\\\entry\\\\build\\\\default\\\\intermediates\\\\loader_out\\\\default\\\\ets,--pkg-context-path,C:\\\\Users\\\\n035029\\\\DevEcoStudioProjects\\\\MyApplication14\\\\entry\\\\build\\\\default\\\\intermediates\\\\loader\\\\default\\\\pkgContextInfo.json\",\"_valueType\":\"string\",\"_hash\":\"372df2fdc936e99c9e347fb209a884ea\"}"},{"dataType":"ValueEntry","value":"{\"_name\":\"BUILTIN_TASK_ENV\",\"_value\":\"\",\"_valueType\":\"string\",\"_hash\":\"cdcdc2ec8062ca9ec1de46dbf2bbc053\"}"},{"dataType":"ValueEntry","value":"{\"_name\":\"BUILTIN_TASK_TOOLCHAIN\",\"_value\":\"C:\\\\Users\\\\n035029\\\\AppData\\\\Local\\\\OpenHarmony\\\\Sdk\\\\12\\\\toolchains\\\\lib\\\\app_packing_tool.jar\",\"_valueType\":\"string\",\"_hash\":\"a24d87ef74b2a9a216e86977d304fd51\"}"},{"dataType":"ValueEntry","value":"{\"_name\":\"bundleType\",\"_value\":\"app\",\"_valueType\":\"string\",\"_hash\":\"52d51b7a536b92694516aaef4862f108\"}"},{"dataType":"ValueEntry","value":"{\"_name\":\"hotReload\",\"_value\":false,\"_valueType\":\"boolean\",\"_hash\":\"5ac751c77a9acfe5e8b96c28ebdbaeed\"}"},{"dataType":"ValueEntry","value":"{\"_name\":\"integrated_hsp\",\"_value\":false,\"_valueType\":\"boolean\",\"_hash\":\"2538281751f182d9123d2ab28efaf9be\"}"},{"dataType":"ValueEntry","value":"{\"_name\":\"projectConfigAppOpt\",\"_valueType\":\"undefined\",\"_hash\":\"b52997704fa206ed96a13a1f2e464a85\"}"},{"dataType":"ValueEntry","value":"{\"_name\":\"sourceMapDir\",\"_value\":\"\",\"_valueType\":\"string\",\"_hash\":\"c5d87571127f849274031c5a70f3fcd9\"}"}],"_successful":true,"_projectName":"MyApplication14","_moduleName":"entry","_taskName":"default@PackageHap","_key":":MyApplication14:entry:default@PackageHap","_executionId":":MyApplication14:entry:default@PackageHap:1736415641771","_inputFiles":{"dataType":"Map","value":[["C:\\Users\\n035029\\DevEcoStudioProjects\\MyApplication14\\entry\\build\\default\\intermediates\\stripped_native_libs\\default",{"isDirectory":false,"fileSnapShotHashValue":"318ebbb37e80d82fb5345f2680c23487"}],["C:\\Users\\n035029\\DevEcoStudioProjects\\MyApplication14\\entry\\build\\default\\intermediates\\res\\default\\module.json",{"isDirectory":false,"fileSnapShotHashValue":"dcb17f1d13531a6d3e8ab43ba85cfdb5"}],["C:\\Users\\n035029\\DevEcoStudioProjects\\MyApplication14\\entry\\build\\default\\intermediates\\res\\default\\resources",{"isDirectory":false,"fileSnapShotHashValue":"b6e1fb3d9b18fca8895834de96880065"}],["C:\\Users\\n035029\\DevEcoStudioProjects\\MyApplication14\\entry\\build\\default\\intermediates\\res\\default\\resources.index",{"isDirectory":false,"fileSnapShotHashValue":"ae3409528367333abb36faf5873b20ba"}],["C:\\Users\\n035029\\DevEcoStudioProjects\\MyApplication14\\entry\\build\\default\\outputs\\default\\pack.info",{"isDirectory":false,"fileSnapShotHashValue":"91bf952679fed13380a6fb04b6bd22b9"}],["C:\\Users\\n035029\\DevEcoStudioProjects\\MyApplication14\\entry\\build\\default\\intermediates\\syscap\\default\\rpcid.sc",{"isDirectory":false,"fileSnapShotHashValue":"a0102615658e94044658523cf823e91c"}],["C:\\Users\\n035029\\DevEcoStudioProjects\\MyApplication14\\entry\\build\\default\\intermediates\\loader_out\\default\\ets",{"isDirectory":false,"fileSnapShotHashValue":"eaa478048fd9633c28bbc7a811e1e70f"}],["C:\\Users\\n035029\\DevEcoStudioProjects\\MyApplication14\\entry\\build\\default\\intermediates\\loader\\default\\pkgContextInfo.json",{"isDirectory":false,"fileSnapShotHashValue":"898bb0f84e2adf096c349488dbc6884e"}],["C:\\Users\\n035029\\DevEcoStudioProjects\\MyApplication14\\entry\\build\\default\\generated\\profile\\default\\BuildProfile.ets",{"fileSnapShotHashValue":"cc3a27c08e71ac3f81da07bbfec46853"}]]},"_outputFiles":{"dataType":"Map","value":[["C:\\Users\\n035029\\DevEcoStudioProjects\\MyApplication14\\entry\\build\\default\\outputs\\default\\entry-default-unsigned.hap",{"isDirectory":false,"fileSnapShotHashValue":"e76803124e7625c0ca99c1853163c945"}],["C:\\Users\\n035029\\DevEcoStudioProjects\\MyApplication14\\entry\\build\\default\\outputs\\default\\mapping\\sourceMaps.map",{"fileSnapShotHashValue":"3df628b8511954109ab322bbd749e5aa"}]]}},":MyApplication14:entry:default@SignHap":{"_inputs":[{"dataType":"ValueEntry","value":"{\"_name\":\"BUILTIN_TASK_COMMAND\",\"_value\":\"\",\"_valueType\":\"string\",\"_hash\":\"0b5d05294fdf4e78e8482ef53eb64ac0\"}"},{"dataType":"ValueEntry","value":"{\"_name\":\"BUILTIN_TASK_ENV\",\"_value\":\"\",\"_valueType\":\"string\",\"_hash\":\"cdcdc2ec8062ca9ec1de46dbf2bbc053\"}"},{"dataType":"ValueEntry","value":"{\"_name\":\"BUILTIN_TASK_TOOLCHAIN\",\"_value\":\"\",\"_valueType\":\"string\",\"_hash\":\"e7f94a9422a8bc317a7d90b58efcb5f6\"}"},{"dataType":"ValueEntry","value":"{\"_name\":\"enableSignTask\",\"_value\":true,\"_valueType\":\"boolean\",\"_hash\":\"910298825388ce24c00cb3c1aeb80caa\"}"},{"dataType":"ValueEntry","value":"{\"_name\":\"existMaterial\",\"_value\":true,\"_valueType\":\"boolean\",\"_hash\":\"93dc57ba6785b4754ab913cd6a94a2d4\"}"},{"dataType":"ValueEntry","value":"{\"_name\":\"existSigningConfig\",\"_value\":true,\"_valueType\":\"boolean\",\"_hash\":\"0a625026bbf59499155e2fd8a2f97c6e\"}"},{"dataType":"ValueEntry","value":"{\"_name\":\"sdkToolchainsComponentVersion\",\"_value\":\"5.0.0.71\",\"_valueType\":\"string\",\"_hash\":\"119f7d6df90eed3eb0291221796337ff\"}"},{"dataType":"ValueEntry","value":"{\"_name\":\"signingConfig_keyAlias\",\"_value\":\"debugKey\",\"_valueType\":\"string\",\"_hash\":\"4c07b0ee3239f12b1e68b46f50f552cb\"}"},{"dataType":"ValueEntry","value":"{\"_name\":\"signingConfig_keyPassword\",\"_value\":\"0000001AB1439CCBBBD595F9C820F145899E4B38037F48C69DBAD850D7FF0E13F2EB4D765435E4BAE4FE\",\"_valueType\":\"string\",\"_hash\":\"8acdc16ad7a99035d3ddd8deb5f7a357\"}"},{"dataType":"ValueEntry","value":"{\"_name\":\"signingConfig_name\",\"_value\":\"default\",\"_valueType\":\"string\",\"_hash\":\"8b60e376556ce51d68b5485c5f79822c\"}"},{"dataType":"ValueEntry","value":"{\"_name\":\"signingConfig_signAlg\",\"_value\":\"SHA256withECDSA\",\"_valueType\":\"string\",\"_hash\":\"6914b6129327418a0e5596a96e0d04c2\"}"},{"dataType":"ValueEntry","value":"{\"_name\":\"signingConfig_storePassword\",\"_value\":\"0000001ABB650B227A93C0BE632D88544A2A2B75456D774C3D6E59C63CE166B9B585F3810436336EAC72\",\"_valueType\":\"string\",\"_hash\":\"fe7ae22786ad341cbba096f630d60589\"}"},{"dataType":"ValueEntry","value":"{\"_name\":\"signingConfig_type\",\"_value\":\"\",\"_valueType\":\"string\",\"_hash\":\"944106f0307ce4183991994143e7c2d4\"}"}],"_successful":true,"_projectName":"MyApplication14","_moduleName":"entry","_taskName":"default@SignHap","_key":":MyApplication14:entry:default@SignHap","_executionId":":MyApplication14:entry:default@SignHap:1736415642040","_inputFiles":{"dataType":"Map","value":[["C:/Users/n035029/.ohos/config/openharmony/default_MyApplication14_h5ZV__lvdlmfBfBGpz4D3pJdSVrX7mF9GNxPlyJEIXg=.cer",{"isDirectory":false,"fileSnapShotHashValue":"7982e48af7dd58c5baa9a73f738dcf30"}],["C:/Users/n035029/.ohos/config/openharmony/default_MyApplication14_h5ZV__lvdlmfBfBGpz4D3pJdSVrX7mF9GNxPlyJEIXg=.p7b",{"isDirectory":false,"fileSnapShotHashValue":"93ba8895d22cf9b31990e773af0c3414"}],["C:/Users/n035029/.ohos/config/openharmony/default_MyApplication14_h5ZV__lvdlmfBfBGpz4D3pJdSVrX7mF9GNxPlyJEIXg=.p12",{"isDirectory":false,"fileSnapShotHashValue":"7494a044a88a5307826ae2e0d8438977"}],["C:\\Users\\n035029\\DevEcoStudioProjects\\MyApplication14\\entry\\build\\default\\outputs\\default\\entry-default-unsigned.hap",{"isDirectory":false,"fileSnapShotHashValue":"e76803124e7625c0ca99c1853163c945"}]]},"_outputFiles":{"dataType":"Map","value":[["C:\\Users\\n035029\\DevEcoStudioProjects\\MyApplication14\\entry\\build\\default\\outputs\\default\\entry-default-signed.hap",{"isDirectory":false,"fileSnapShotHashValue":"afdc16e0a79b4ca72d3d7cc8b28ca183"}]]}}}